employee_id,full_name,gender,age,department,job_level,education,hire_date,termination_date,employment_status,termination_reason,annual_salary,performance_rating,months_since_last_promotion,monthly_overtime_hours,job_satisfaction,commute_miles,work_arrangement,training_hours_last_year
E10001,Ronald Moore,Male,26,HR,Senior,Master's,2025-10-28,,Active,,92700.0,3,10,9.4,3.7,15.6,Remote,24
E10002,Eric Williams,Male,34,Finance,Senior,PhD,2020-07-28,,Active,,129900.0,2,7,8.7,3.3,1.6,Hybrid,41
E10003,Sharon Anderson,Female,21,Customer Support,Entry,Associate Degree,2025-07-17,,Active,,40400.0,3,13,10.1,3.5,10.2,Remote,21
E10004,Ronald Garcia,Male,34,Engineering,Entry,Bachelor's,2020-05-05,,Active,,89300.0,2,7,6.6,4.1,9.7,Hybrid,3
E10005,Brian Thompson,Male,26,Operations,Associate,Associate Degree,2026-04-29,,Active,,62700.0,2,3,7.4,3.5,23.0,Hybrid,15
E10006,Mark Taylor,Male,23,Finance,Entry,Master's,2026-05-23,,Active,,70200.0,2,3,8.4,3.4,11.6,Hybrid,15
E10007,Cynthia Brown,Female,40,Engineering,Manager,Bachelor's,2019-05-20,,Active,,229900.0,2,13,3.3,3.1,2.0,Remote,28
E10008,Stephanie White,Female,38,Engineering,Lead,Bachelor's,2020-07-26,,Active,,177700.0,4,8,2.9,3.7,0.6,Hybrid,28
E10009,Barbara White,Female,35,Engineering,Manager,Bachelor's,2021-12-21,,Active,,212100.0,1,12,9.6,3.4,8.9,Hybrid,24
E10010,Stephanie Hernandez,Female,34,Sales,Senior,Master's,2023-02-05,,Active,,107300.0,3,43,5.6,2.7,3.3,Hybrid,37
E10011,Donna Torres,Female,40,Sales,Entry,Master's,2022-03-07,2024-03-03,Terminated,Involuntary - Restructuring,64000.0,2,6,15.9,2.8,5.0,Remote,24
E10012,Robert Robinson,Male,48,HR,Manager,Master's,2022-06-19,,Active,,141800.0,4,1,12.7,3.5,22.0,Onsite,36
E10013,Melissa Davis,Female,35,Operations,Manager,Master's,2025-01-06,,Active,,115400.0,3,3,13.7,4.0,1.4,Hybrid,0
E10014,Ryan White,Male,34,Engineering,Lead,Associate Degree,2020-11-28,,Active,,182200.0,3,15,10.7,3.9,9.4,Remote,17
E10015,Nicholas Jones,Male,45,Engineering,Associate,Master's,2018-12-04,,Active,,121400.0,1,77,9.6,3.0,16.7,Hybrid,0
E10016,Jonathan Wright,Male,36,Operations,Associate,Bachelor's,2023-08-11,,Active,,62300.0,1,5,5.6,2.4,15.4,Onsite,8
E10017,Barbara Allen,Female,34,Sales,Entry,Bachelor's,2019-04-14,,Active,,64700.0,2,1,12.7,3.2,2.0,Hybrid,30
E10018,Amy Lee,Female,34,HR,Lead,Bachelor's,2026-03-24,,Active,,111100.0,3,0,0.0,4.3,0.5,Remote,2
E10019,Joseph Flores,Male,38,Finance,Lead,Associate Degree,2021-06-27,,Active,,152500.0,3,17,0.0,3.3,6.4,Onsite,16
E10020,Donna Martinez,Female,30,Sales,Associate,Bachelor's,2023-12-24,,Active,,80300.0,4,7,22.7,3.7,5.4,Remote,24
E10021,Ryan Sanchez,Male,37,Sales,Senior,Master's,2024-12-20,,Active,,108900.0,4,1,23.1,3.5,14.0,Onsite,8
E10022,Anthony Young,Male,34,Finance,Manager,High School,2024-07-25,,Active,,181800.0,4,10,0.0,3.8,18.8,Hybrid,36
E10023,Nicholas Jones,Male,34,Engineering,Entry,Master's,2021-05-13,,Active,,90900.0,4,17,9.2,3.5,4.4,Onsite,18
E10024,Brian Moore,Male,32,Customer Support,Senior,Master's,2022-03-12,2024-11-06,Terminated,Involuntary - Performance,77200.0,3,19,20.3,3.3,2.9,Remote,17
E10025,Jennifer Jackson,Female,27,Finance,Associate,Bachelor's,2022-12-10,,Active,,94400.0,3,4,0.0,3.6,3.9,Remote,27
E10026,David Clark,Male,34,Engineering,Manager,Associate Degree,2026-05-05,,Active,,210600.0,4,3,10.6,3.2,0.5,Onsite,0
E10027,Sarah King,Female,43,Engineering,Lead,Bachelor's,2019-03-25,,Active,,188100.0,3,7,7.5,4.1,19.4,Remote,14
E10028,Mary Hernandez,Female,49,Marketing,Director,Bachelor's,2021-09-24,,Active,,209500.0,3,11,11.6,2.8,6.6,Remote,13
E10029,Eric Thompson,Male,33,Engineering,Manager,Bachelor's,2024-03-09,,Active,,214100.0,4,1,7.3,3.7,2.3,Onsite,20
E10030,Donna Moore,Female,31,Operations,Senior,Associate Degree,2023-04-24,,Active,,76800.0,2,0,10.5,4.3,0.7,Hybrid,23
E10031,George Clark,Male,33,Sales,Lead,Bachelor's,2022-03-23,,Active,,144800.0,3,41,14.5,3.1,3.9,Hybrid,12
E10032,Paul Martin,Male,33,Engineering,Entry,Bachelor's,2019-11-28,,Active,,91800.0,3,11,0.0,3.3,19.9,Remote,33
E10033,Jason Jones,Male,48,Sales,Manager,Bachelor's,2018-09-11,2025-05-12,Terminated,Involuntary - Restructuring,175700.0,1,18,14.5,2.6,3.4,Hybrid,26
E10034,Richard King,Male,26,IT,Entry,High School,2023-01-09,,Active,,68000.0,3,28,7.2,2.5,12.3,Onsite,4
E10035,Larry White,Male,22,Customer Support,Entry,Bachelor's,2024-08-22,,Active,,41800.0,3,10,17.0,2.4,6.0,Onsite,23
E10036,Jason Wright,Male,37,Customer Support,Manager,Bachelor's,2021-12-04,,Active,,107700.0,3,46,16.3,2.2,9.0,Onsite,18
E10037,Margaret Gonzalez,Female,22,Operations,Entry,Bachelor's,2024-05-15,,Active,,44500.0,4,26,10.7,3.4,17.3,Remote,17
E10038,Ashley Robinson,Female,45,Customer Support,Senior,PhD,2021-05-24,,Active,,73500.0,4,16,13.9,2.2,0.5,Hybrid,14
E10039,Karen Flores,Female,32,Customer Support,Lead,Master's,2025-11-24,,Active,,82800.0,3,0,7.6,3.7,0.7,Hybrid,5
E10040,Ryan Robinson,Male,34,Finance,Entry,Master's,2024-09-18,,Active,,71000.0,3,17,8.4,2.9,13.1,Hybrid,9
E10041,Deborah Wright,Female,33,Sales,Senior,Master's,2023-06-06,,Active,,102800.0,3,0,6.5,3.8,8.4,Onsite,26
E10042,Ryan White,Male,41,Customer Support,Manager,Bachelor's,2022-08-21,,Active,,106000.0,3,1,11.7,3.3,3.5,Hybrid,3
E10043,Larry Lopez,Male,33,HR,Associate,Bachelor's,2023-12-30,,Active,,68500.0,4,21,1.4,2.7,3.2,Onsite,43
E10044,George Young,Male,33,Customer Support,Associate,Master's,2018-09-13,,Active,,59900.0,2,12,20.0,3.6,14.8,Remote,23
E10045,Cynthia Hill,Female,22,Engineering,Entry,Bachelor's,2024-08-15,,Active,,80700.0,4,1,2.8,3.6,1.1,Hybrid,10
E10046,Susan Taylor,Female,31,Engineering,Entry,Bachelor's,2019-09-29,,Active,,83700.0,1,14,6.2,2.4,5.3,Onsite,0
E10047,Daniel Martinez,Male,32,Sales,Manager,Bachelor's,2026-03-09,,Active,,156200.0,3,5,15.4,3.2,0.7,Onsite,3
E10048,Jennifer Thompson,Female,39,Operations,Lead,Bachelor's,2026-07-14,,Active,,94600.0,2,1,12.1,2.9,18.6,Hybrid,37
E10049,David Gonzalez,Male,36,Finance,Senior,Bachelor's,2024-11-09,,Active,,125000.0,3,5,6.4,3.0,29.8,Hybrid,37
E10050,David White,Male,32,Engineering,Entry,Bachelor's,2021-01-31,,Active,,85800.0,3,0,17.0,3.6,3.1,Remote,20
E10051,William Hernandez,Male,36,Engineering,Senior,Master's,2024-03-28,,Active,,147300.0,4,1,13.1,3.4,21.0,Hybrid,23
E10052,Ryan Thompson,Male,47,Marketing,Director,High School,2023-04-03,,Active,,207800.0,3,37,3.9,3.3,5.8,Hybrid,22
E10053,Carol Davis,Female,29,HR,Manager,Master's,2024-11-21,,Active,,132700.0,3,20,11.1,1.5,13.1,Hybrid,8
E10054,Nicholas Young,Male,29,Engineering,Entry,PhD,2020-09-07,,Active,,89700.0,4,34,8.7,3.4,19.6,Hybrid,12
E10055,Kevin Jackson,Male,31,Engineering,Associate,Associate Degree,2023-06-15,,Active,,116400.0,1,4,0.8,3.2,15.2,Onsite,28
E10056,Michael Jackson,Male,32,Sales,Entry,Bachelor's,2022-10-05,,Active,,61200.0,1,16,12.9,2.7,19.9,Remote,29
E10057,George Williams,Male,21,Engineering,Associate,Master's,2022-03-13,,Active,,114300.0,2,6,8.2,3.0,2.4,Hybrid,11
E10058,Rebecca Taylor,Female,33,Finance,Lead,Associate Degree,2024-12-07,,Active,,139000.0,2,2,8.0,3.5,2.9,Hybrid,31
E10059,Kimberly Perez,Female,25,Sales,Associate,Master's,2025-04-17,,Active,,78200.0,3,4,13.2,3.4,8.3,Onsite,20
E10060,Rebecca Hill,Female,33,Engineering,Senior,High School,2024-12-04,,Active,,143700.0,3,10,10.5,3.9,3.9,Hybrid,23
E10061,Gary Robinson,Male,26,Customer Support,Entry,High School,2019-04-15,,Active,,47000.0,2,22,16.0,3.0,6.5,Remote,9
E10062,Kimberly Flores,Female,28,Sales,Entry,Associate Degree,2022-12-11,,Active,,61600.0,3,45,9.0,2.3,7.9,Hybrid,5
E10063,Kevin Wilson,Male,41,Engineering,Senior,Bachelor's,2019-11-17,,Active,,158600.0,3,56,12.4,3.6,6.5,Hybrid,18
E10064,George Lee,Male,29,IT,Associate,Bachelor's,2021-06-13,,Active,,94100.0,3,14,12.4,2.9,20.6,Onsite,7
E10065,Stephen Wright,Male,31,Sales,Senior,Associate Degree,2025-07-19,,Active,,109600.0,3,13,16.0,3.4,16.8,Remote,0
E10066,Michael Gonzalez,Male,35,IT,Associate,Bachelor's,2021-02-23,,Active,,92800.0,4,30,13.0,3.5,7.0,Hybrid,26
E10067,Stephanie Martinez,Female,46,IT,Manager,Master's,2019-11-24,,Active,,170500.0,3,4,2.1,4.4,16.3,Onsite,21
E10068,Sarah Rodriguez,Female,36,Finance,Lead,Bachelor's,2025-03-30,,Active,,141200.0,4,9,5.0,2.8,5.4,Remote,10
E10069,Margaret Harris,Female,42,IT,Director,Master's,2026-01-07,,Active,,215600.0,3,7,2.0,2.5,0.6,Hybrid,14
E10070,Jacob Clark,Male,55,IT,Director,Master's,2022-06-26,,Active,,243300.0,4,15,12.1,3.6,2.1,Hybrid,27
E10071,Stephen Taylor,Male,35,Sales,Lead,Master's,2020-03-24,,Active,,138900.0,3,1,12.2,3.4,1.5,Onsite,20
E10072,Robert Johnson,Male,35,Operations,Lead,Master's,2025-03-29,,Active,,96700.0,3,17,18.9,2.8,12.3,Onsite,20
E10073,Jeffrey Jackson,Male,26,Sales,Entry,Associate Degree,2024-12-02,,Active,,63600.0,2,6,19.2,2.9,9.1,Hybrid,26
E10074,Stephen Flores,Male,25,HR,Entry,Bachelor's,2024-10-27,,Active,,52400.0,2,15,17.3,3.9,0.6,Onsite,8
E10075,Sarah Taylor,Female,40,Marketing,Lead,Bachelor's,2022-02-17,,Active,,124000.0,2,31,3.0,3.4,0.5,Onsite,16
E10076,Rebecca Scott,Female,39,Customer Support,Associate,Associate Degree,2019-03-03,2025-08-13,Terminated,Voluntary - Better Opportunity,61200.0,2,31,23.4,1.8,1.6,Hybrid,24
E10077,Jessica Williams,Female,30,Sales,Associate,Master's,2021-09-27,,Active,,82000.0,1,1,4.9,1.8,0.8,Remote,19
E10078,David Flores,Male,27,Engineering,Associate,Bachelor's,2024-01-03,,Active,,115900.0,2,25,2.1,3.2,11.4,Hybrid,20
E10079,Amy Jones,Female,32,HR,Senior,Bachelor's,2023-09-25,,Active,,92500.0,2,21,4.1,2.2,12.6,Hybrid,12
E10080,Paul Gonzalez,Male,26,Sales,Associate,Master's,2025-10-27,,Active,,82800.0,4,10,13.8,3.2,5.5,Remote,26
E10081,Michelle Nguyen,Female,42,Customer Support,Manager,High School,2021-12-27,,Active,,110800.0,3,0,22.0,1.6,3.9,Hybrid,20
E10082,Laura Scott,Female,32,Sales,Senior,Master's,2024-06-06,,Active,,98100.0,3,27,6.1,2.7,9.9,Hybrid,20
E10083,Lisa Allen,Female,34,Customer Support,Senior,Bachelor's,2018-10-19,2022-12-04,Terminated,Voluntary - Personal,69300.0,2,4,20.0,2.4,2.8,Onsite,38
E10084,George Miller,Male,34,Operations,Associate,Bachelor's,2021-09-03,,Active,,67900.0,1,9,15.7,1.6,1.3,Remote,22
E10085,Joseph Brown,Male,39,Operations,Manager,Bachelor's,2021-07-21,,Active,,129900.0,2,2,8.3,3.7,29.7,Onsite,25
E10086,Sarah Williams,Female,26,Finance,Entry,Bachelor's,2022-05-04,,Active,,69700.0,2,2,0.0,3.9,1.1,Onsite,8
E10087,John Lewis,Male,41,Finance,Director,Associate Degree,2019-11-28,,Active,,260000.0,3,9,7.5,4.2,3.0,Hybrid,16
E10088,Barbara Thomas,Female,26,Engineering,Entry,Master's,2020-05-26,,Active,,90000.0,2,3,0.0,4.5,3.4,Hybrid,25
E10089,Kimberly Johnson,Female,30,Engineering,Entry,Master's,2025-01-10,,Active,,82200.0,3,10,5.9,4.7,6.3,Remote,33
E10090,Margaret Moore,Female,33,IT,Associate,Associate Degree,2020-06-21,2021-03-16,Terminated,Voluntary - Personal,93400.0,3,71,13.1,3.0,6.4,Onsite,17
E10091,James Lee,Male,52,Customer Support,Director,Bachelor's,2022-09-21,,Active,,151200.0,2,4,15.3,3.1,18.4,Hybrid,16
E10092,Stephanie Allen,Female,37,Operations,Lead,Master's,2023-03-08,,Active,,98100.0,4,34,16.8,2.5,4.5,Hybrid,29
E10093,Steven Jackson,Male,41,Sales,Lead,Bachelor's,2025-07-13,,Active,,120100.0,3,13,24.5,1.9,2.1,Onsite,24
E10094,Jeffrey Walker,Male,21,Marketing,Entry,Associate Degree,2023-09-28,,Active,,60800.0,2,5,3.9,2.6,2.3,Hybrid,23
E10095,Richard Moore,Male,32,Finance,Associate,Bachelor's,2023-09-19,,Active,,97400.0,1,22,16.0,2.7,2.2,Hybrid,28
E10096,Kimberly Walker,Female,23,IT,Associate,PhD,2021-06-25,,Active,,81100.0,3,60,6.9,3.4,1.4,Onsite,0
E10097,Betty Thompson,Female,31,Operations,Lead,Master's,2025-09-16,,Active,,89500.0,2,11,10.7,3.5,10.4,Onsite,33
E10098,Amy Thompson,Female,23,Sales,Entry,Master's,2025-01-09,2026-02-25,Terminated,Involuntary - Performance,59300.0,2,17,10.4,3.4,2.9,Onsite,16
E10099,Cynthia Lopez,Female,23,IT,Associate,Bachelor's,2023-03-03,2023-12-16,Terminated,Voluntary - Relocation,85700.0,3,24,1.7,2.6,0.5,Hybrid,0
E10100,Jacob Brown,Male,42,Customer Support,Lead,Associate Degree,2023-08-19,,Active,,86900.0,2,22,15.1,2.3,14.8,Hybrid,23
E10101,Amy Robinson,Female,21,Marketing,Entry,Associate Degree,2022-11-12,2026-06-10,Terminated,Voluntary - Personal,61000.0,3,38,5.9,2.8,8.1,Onsite,19
E10102,Margaret King,Female,26,Customer Support,Entry,Master's,2025-04-15,,Active,,41200.0,3,16,4.3,4.3,1.3,Remote,7
E10103,Edward Garcia,Male,48,Finance,Manager,Master's,2020-10-21,,Active,,188900.0,1,2,0.0,3.7,3.2,Hybrid,18
E10104,Stephanie Young,Female,31,IT,Associate,Bachelor's,2020-09-28,,Active,,85100.0,3,71,9.6,4.0,13.3,Hybrid,37
E10105,Emily Taylor,Female,33,HR,Associate,PhD,2020-05-03,,Active,,74700.0,3,59,0.0,3.6,17.6,Remote,17
E10106,Christopher Thompson,Male,25,Customer Support,Entry,High School,2023-10-25,,Active,,42300.0,4,2,8.1,2.7,14.3,Remote,7
E10107,Jacob Martinez,Male,30,Sales,Entry,Bachelor's,2018-12-26,,Active,,63600.0,3,10,11.7,3.3,0.8,Remote,14
E10108,John Garcia,Male,42,IT,Manager,Associate Degree,2019-04-11,,Active,,173900.0,4,5,5.7,4.7,0.8,Onsite,10
E10109,Michael Sanchez,Male,29,HR,Senior,Bachelor's,2022-06-10,,Active,,100800.0,2,3,0.9,3.5,6.5,Onsite,25
E10110,Ronald Wright,Male,41,Engineering,Lead,Bachelor's,2024-02-19,,Active,,173400.0,2,22,13.5,3.2,6.5,Hybrid,9
E10111,Edward Clark,Male,27,Marketing,Entry,High School,2023-01-13,,Active,,62600.0,2,44,4.7,2.9,10.3,Hybrid,31
E10112,Stephen Perez,Male,33,Operations,Senior,Bachelor's,2026-01-01,2026-04-30,Terminated,Involuntary - Performance,80000.0,3,7,17.5,2.0,1.6,Onsite,3
E10113,Jeffrey Johnson,Male,30,Operations,Entry,Bachelor's,2019-02-15,,Active,,53000.0,3,17,12.5,1.9,3.8,Hybrid,20
E10114,Gary Rodriguez,Male,27,Sales,Associate,PhD,2024-06-28,,Active,,86400.0,3,26,3.5,3.7,6.0,Hybrid,11
E10115,Jessica Flores,Female,44,IT,Manager,Bachelor's,2020-04-02,,Active,,172900.0,3,10,10.1,3.0,7.5,Onsite,14
E10116,Ashley Wright,Female,28,Customer Support,Associate,High School,2020-07-24,,Active,,57900.0,2,11,14.5,3.3,0.9,Hybrid,18
E10117,Ashley Harris,Female,33,Customer Support,Associate,Master's,2026-01-01,,Active,,52800.0,3,7,14.1,3.2,2.0,Hybrid,13
E10118,Eric Martin,Male,22,Sales,Associate,High School,2023-09-22,,Active,,88600.0,2,0,4.0,3.5,3.8,Hybrid,4
E10119,Rebecca Martin,Female,25,Operations,Associate,Bachelor's,2026-03-27,,Active,,61200.0,2,5,9.2,3.8,2.9,Onsite,26
E10120,Laura Walker,Female,48,IT,Manager,High School,2018-11-21,,Active,,158700.0,4,85,5.9,3.3,3.2,Hybrid,9
E10121,Kevin Jackson,Male,30,Customer Support,Associate,Bachelor's,2018-11-25,,Active,,61900.0,1,10,11.7,3.6,3.0,Remote,19
E10122,Emily Harris,Female,22,IT,Associate,Associate Degree,2021-02-01,,Active,,84000.0,2,14,4.6,4.4,13.2,Onsite,2
E10123,Christopher King,Male,40,Customer Support,Manager,Master's,2021-06-03,,Active,,109300.0,3,1,12.3,3.5,2.5,Onsite,15
E10124,Thomas Lopez,Male,38,Engineering,Senior,Associate Degree,2023-08-12,2025-03-20,Terminated,Voluntary - Personal,150100.0,4,22,8.9,2.9,1.1,Hybrid,12
E10125,Melissa Jones,Female,43,Finance,Manager,Master's,2026-05-24,,Active,,169800.0,3,3,3.3,4.8,0.5,Hybrid,24
E10126,Jennifer Flores,Female,37,Engineering,Associate,Bachelor's,2019-11-26,,Active,,121800.0,3,4,8.8,3.3,3.1,Hybrid,24
E10127,Larry Hernandez,Male,41,Customer Support,Lead,Master's,2023-01-09,,Active,,89300.0,2,33,13.5,3.1,1.3,Hybrid,27
E10128,Ashley Clark,Female,40,Sales,Associate,Bachelor's,2023-10-23,2024-07-19,Terminated,Involuntary - Performance,78000.0,2,29,16.5,2.7,4.5,Onsite,7
E10129,Sarah Allen,Female,32,IT,Senior,PhD,2020-12-13,,Active,,121700.0,3,11,7.5,3.2,15.7,Onsite,25
E10130,Cynthia Jones,Female,25,Sales,Associate,Associate Degree,2026-04-24,,Active,,78300.0,3,4,9.4,3.5,0.5,Onsite,21
E10131,Michael Lee,Male,35,Operations,Associate,Master's,2020-06-12,,Active,,68800.0,4,13,15.9,3.7,20.6,Onsite,35
E10132,Sarah Clark,Female,48,Engineering,Lead,Master's,2020-03-31,,Active,,174100.0,3,7,10.5,3.8,1.0,Hybrid,17
E10133,Rebecca Scott,Female,28,Customer Support,Associate,Bachelor's,2022-08-05,,Active,,55100.0,3,22,13.4,3.2,3.3,Onsite,43
E10134,George King,Male,35,Engineering,Senior,Bachelor's,2025-03-23,2025-12-29,Terminated,Voluntary - Better Opportunity,145300.0,3,7,10.0,2.8,2.3,Hybrid,29
E10135,Paul Jones,Male,41,IT,Manager,Bachelor's,2025-02-05,,Active,,169800.0,2,4,4.3,4.1,0.6,Remote,32
E10136,Ronald Nguyen,Male,30,Sales,Associate,Associate Degree,2022-12-28,2026-06-21,Terminated,Involuntary - Performance,86800.0,3,21,16.5,3.3,4.6,Onsite,22
E10137,Steven Garcia,Male,35,Sales,Associate,High School,2022-04-27,,Active,,84300.0,3,13,4.7,3.2,5.7,Hybrid,11
E10138,James Thomas,Male,39,Operations,Manager,Master's,2022-06-10,,Active,,128900.0,2,13,16.9,3.6,1.7,Hybrid,20
E10139,Robert Lewis,Male,37,HR,Senior,Master's,2021-09-22,,Active,,96100.0,3,59,7.9,4.1,2.2,Hybrid,9
E10140,Christopher Rodriguez,Male,39,Engineering,Manager,Bachelor's,2020-07-10,2025-01-05,Terminated,Involuntary - Restructuring,235700.0,2,8,12.7,3.3,0.5,Hybrid,12
E10141,Richard Jackson,Male,32,Customer Support,Associate,Bachelor's,2024-01-01,,Active,,58300.0,3,29,16.7,2.7,3.0,Onsite,26
E10142,Edward Torres,Male,32,Engineering,Entry,Bachelor's,2023-05-19,2024-10-29,Terminated,Involuntary - Performance,78700.0,2,4,5.3,2.1,2.5,Hybrid,31
E10143,Gary Anderson,Male,32,Operations,Entry,Master's,2025-03-22,,Active,,47400.0,4,2,24.9,2.5,1.1,Onsite,15
E10144,Sandra Perez,Female,39,Customer Support,Lead,PhD,2022-09-14,,Active,,86000.0,4,0,22.8,3.1,11.3,Hybrid,17
E10145,Nancy Lee,Female,30,Customer Support,Associate,Bachelor's,2024-02-26,2024-05-07,Terminated,Involuntary - Performance,54800.0,1,4,16.8,3.4,30.7,Onsite,22
E10146,Thomas Johnson,Male,28,Marketing,Entry,Bachelor's,2021-11-19,,Active,,61800.0,4,12,3.5,4.4,9.5,Hybrid,26
E10147,Paul Allen,Male,40,Sales,Senior,Master's,2024-03-20,2026-06-28,Terminated,Voluntary - Better Opportunity,114800.0,2,16,16.4,4.3,1.1,Onsite,16
E10148,Melissa Walker,Female,46,Engineering,Manager,Bachelor's,2020-10-29,,Active,,217200.0,3,53,12.0,1.8,6.3,Hybrid,13
E10149,Mark Moore,Male,36,Marketing,Director,Bachelor's,2025-04-20,,Active,,199900.0,2,3,6.1,2.9,9.1,Hybrid,29
E10150,Jacob Harris,Male,34,Operations,Senior,Bachelor's,2025-10-08,,Active,,77000.0,2,1,19.9,1.8,30.7,Remote,33
E10151,Amanda Moore,Female,43,HR,Senior,High School,2022-06-16,,Active,,94200.0,4,8,2.1,3.6,7.0,Onsite,30
E10152,Rebecca Walker,Female,24,Finance,Entry,Bachelor's,2021-10-02,2025-02-14,Terminated,Involuntary - Restructuring,73000.0,3,44,8.9,2.3,2.0,Remote,46
E10153,Jeffrey Lopez,Male,43,Engineering,Manager,Bachelor's,2019-02-26,,Active,,238600.0,2,5,0.0,2.6,38.1,Onsite,8
E10154,Nancy Miller,Female,30,Operations,Associate,Associate Degree,2021-08-13,,Active,,65200.0,3,61,12.2,1.4,11.2,Hybrid,17
E10155,William Young,Male,29,Sales,Entry,Bachelor's,2022-07-15,,Active,,67500.0,3,4,17.8,2.6,2.9,Hybrid,18
E10156,Kimberly Ramirez,Female,34,Engineering,Associate,Bachelor's,2022-11-25,,Active,,114000.0,4,32,12.5,2.9,0.6,Onsite,22
E10157,Michelle Thompson,Female,30,Marketing,Lead,Bachelor's,2022-04-04,,Active,,128800.0,3,13,16.5,3.4,0.5,Hybrid,30
E10158,Jennifer Taylor,Female,48,Finance,Manager,Master's,2021-05-29,2022-03-26,Terminated,Involuntary - Performance,171600.0,3,30,8.4,3.3,8.1,Hybrid,19
E10159,Deborah Clark,Female,34,Sales,Manager,Master's,2020-02-02,2026-03-17,Terminated,Voluntary - Relocation,160900.0,1,10,21.2,3.5,3.4,Remote,33
E10160,Amanda Thompson,Female,33,Sales,Associate,Bachelor's,2024-08-29,,Active,,80800.0,3,4,9.9,2.7,0.9,Remote,10
E10161,Larry Thompson,Male,42,HR,Associate,Master's,2019-08-06,,Active,,80000.0,2,36,8.6,1.9,9.4,Remote,22
E10162,Melissa Martinez,Female,37,HR,Associate,Bachelor's,2023-06-15,,Active,,69100.0,3,1,0.0,2.6,1.1,Hybrid,16
E10163,Richard Lee,Male,37,Customer Support,Lead,Master's,2020-09-02,,Active,,95800.0,3,6,15.2,3.9,6.7,Hybrid,19
E10164,Paul Thomas,Male,53,HR,Director,Master's,2019-08-25,,Active,,202200.0,3,42,2.1,3.5,2.2,Remote,10
E10165,Christopher Martinez,Male,34,Engineering,Senior,Bachelor's,2018-11-17,,Active,,160000.0,4,2,7.9,3.1,0.5,Hybrid,18
E10166,Carol Taylor,Female,41,Engineering,Lead,Bachelor's,2020-05-12,,Active,,176700.0,3,8,11.5,4.0,15.9,Hybrid,17
E10167,Robert White,Male,35,Engineering,Lead,Bachelor's,2025-03-09,2026-06-27,Terminated,Involuntary - Performance,170400.0,1,5,0.0,3.1,3.8,Hybrid,7
E10168,Kevin Ramirez,Male,32,Marketing,Senior,Associate Degree,2021-05-28,,Active,,105000.0,4,20,8.1,3.2,7.3,Remote,23
E10169,David Johnson,Male,33,Marketing,Associate,Bachelor's,2021-06-09,,Active,,83800.0,4,7,7.9,4.2,3.1,Hybrid,14
E10170,Anthony Thomas,Male,24,Finance,Entry,Master's,2020-09-18,,Active,,74100.0,3,3,1.3,3.4,1.3,Hybrid,11
E10171,Emily Robinson,Female,29,Engineering,Entry,High School,2026-03-20,2026-08-20,Terminated,Involuntary - Restructuring,78300.0,1,5,13.4,2.1,26.1,Onsite,27
E10172,Michael Jackson,Male,49,Sales,Lead,Bachelor's,2020-09-28,,Active,,140600.0,4,22,12.8,3.0,15.8,Hybrid,25
E10173,Kimberly Moore,Female,35,Sales,Entry,High School,2021-12-02,,Active,,62800.0,3,28,11.1,2.7,6.0,Hybrid,12
E10174,Barbara Robinson,Female,35,Customer Support,Associate,Associate Degree,2022-05-31,2023-07-13,Terminated,Voluntary - Better Opportunity,54900.0,4,26,11.1,2.6,0.5,Hybrid,0
E10175,Linda Hernandez,Female,29,Customer Support,Senior,High School,2026-07-25,2026-08-25,Terminated,Involuntary - Performance,69300.0,3,1,8.3,3.5,15.4,Onsite,20
E10176,Brian Flores,Male,39,Engineering,Director,Bachelor's,2024-12-15,,Active,,260000.0,3,7,14.0,3.2,3.8,Remote,25
E10177,Edward Lewis,Male,42,Engineering,Senior,Associate Degree,2021-03-29,,Active,,160600.0,4,1,3.9,4.6,0.5,Onsite,16
E10178,Joseph Ramirez,Male,27,Operations,Associate,Associate Degree,2021-01-19,,Active,,70900.0,3,5,2.8,3.1,0.6,Onsite,21
E10179,Linda Allen,Female,35,Engineering,Associate,Master's,2023-04-06,,Active,,114100.0,3,0,10.6,3.4,18.8,Hybrid,11
E10180,Karen Martinez,Female,36,IT,Lead,Bachelor's,2018-11-24,2026-02-12,Terminated,Voluntary - Relocation,142200.0,2,6,6.2,2.4,3.3,Hybrid,15
E10181,William Clark,Male,27,Marketing,Senior,Bachelor's,2019-08-24,,Active,,117300.0,4,4,1.9,4.2,7.6,Onsite,7
E10182,David Gonzalez,Male,34,Operations,Senior,Associate Degree,2022-10-30,,Active,,88300.0,4,46,8.2,1.4,10.3,Onsite,15
E10183,Karen Brown,Female,36,Marketing,Associate,Bachelor's,2019-07-14,,Active,,82900.0,3,56,1.2,3.5,2.7,Hybrid,0
E10184,William Gonzalez,Male,28,Engineering,Associate,Bachelor's,2019-10-08,,Active,,122100.0,2,12,0.0,4.2,14.1,Hybrid,19
E10185,Eric Thomas,Male,34,IT,Lead,Bachelor's,2023-01-12,,Active,,137600.0,5,35,16.7,2.9,12.3,Hybrid,15
E10186,Ashley Hernandez,Female,29,Operations,Associate,Bachelor's,2024-08-20,,Active,,60900.0,2,8,23.7,3.2,0.5,Remote,26
E10187,James Torres,Male,35,Sales,Senior,Associate Degree,2021-10-02,,Active,,121500.0,2,11,14.6,3.5,1.2,Hybrid,30
E10188,William Torres,Male,43,HR,Manager,High School,2022-11-20,,Active,,141900.0,3,4,0.8,3.7,12.5,Hybrid,7
E10189,Mary Nguyen,Female,33,Sales,Associate,Bachelor's,2020-12-10,,Active,,84400.0,2,8,15.0,2.7,0.6,Onsite,28
E10190,Carol Davis,Female,24,Operations,Entry,Bachelor's,2021-02-13,,Active,,48000.0,2,0,17.9,3.0,27.1,Onsite,17
E10191,Emily Miller,Female,32,IT,Entry,Master's,2020-01-10,,Active,,69200.0,4,16,9.0,2.3,14.0,Onsite,15
E10192,Rebecca Williams,Female,31,IT,Associate,Associate Degree,2018-10-19,,Active,,94300.0,4,51,13.7,2.4,1.4,Hybrid,33
E10193,Brian Flores,Male,37,Marketing,Entry,High School,2019-09-17,,Active,,64100.0,3,9,0.5,3.0,0.5,Hybrid,27
E10194,Sarah Davis,Female,39,Engineering,Senior,Bachelor's,2021-01-12,,Active,,151100.0,3,2,10.8,3.2,23.6,Remote,23
E10195,Jennifer Smith,Female,32,Engineering,Entry,Bachelor's,2025-10-25,,Active,,81000.0,5,3,23.2,3.0,4.4,Onsite,23
E10196,Thomas Ramirez,Male,42,Engineering,Lead,Bachelor's,2021-03-18,,Active,,180700.0,2,4,6.7,2.3,8.4,Onsite,25
E10197,Amanda Gonzalez,Female,34,HR,Senior,Associate Degree,2019-04-19,,Active,,101300.0,3,7,5.2,3.8,7.8,Hybrid,21
E10198,Sarah Allen,Female,36,Engineering,Associate,High School,2022-02-05,,Active,,108900.0,2,11,1.2,2.5,2.5,Hybrid,8
E10199,Christopher White,Male,34,Operations,Senior,Bachelor's,2020-12-31,,Active,,87600.0,4,0,14.4,3.5,1.5,Onsite,20
E10200,Patricia Brown,Female,39,Customer Support,Associate,Bachelor's,2020-11-13,,Active,,58200.0,4,15,7.7,2.3,0.5,Remote,10
E10201,Robert Lewis,Male,32,Engineering,Entry,High School,2026-05-15,2026-07-06,Terminated,Voluntary - Better Opportunity,84700.0,2,3,13.5,3.5,1.8,Hybrid,31
E10202,Deborah Lewis,Female,39,Finance,Senior,Master's,2019-11-14,,Active,,125900.0,2,32,4.1,3.2,2.9,Hybrid,11
E10203,Gary Lopez,Male,36,Customer Support,Associate,Associate Degree,2020-01-26,2022-04-15,Terminated,Voluntary - Personal,59600.0,3,80,21.4,2.0,5.0,Onsite,0
E10204,Kimberly Thompson,Female,43,Customer Support,Senior,Bachelor's,2021-04-17,,Active,,75200.0,2,11,14.0,2.3,23.8,Onsite,15
E10205,Laura Wright,Female,36,Engineering,Senior,Master's,2023-03-19,,Active,,152400.0,4,3,23.4,3.3,8.8,Onsite,9
E10206,Kevin Moore,Male,34,Sales,Entry,High School,2021-01-15,,Active,,65000.0,4,0,6.0,3.4,1.1,Onsite,29
E10207,Michael Scott,Male,33,Finance,Senior,Associate Degree,2024-07-30,2026-05-09,Terminated,Involuntary - Restructuring,121900.0,3,24,4.8,3.5,8.5,Hybrid,16
E10208,Sarah Clark,Female,24,Customer Support,Entry,Master's,2022-05-22,2023-10-26,Terminated,Voluntary - Better Opportunity,42000.0,4,46,14.3,1.2,8.2,Onsite,14
E10209,Christopher Hernandez,Male,28,Engineering,Entry,Bachelor's,2023-09-08,,Active,,86700.0,3,12,0.3,2.6,20.6,Onsite,13
E10210,Thomas Nguyen,Male,40,IT,Entry,Master's,2020-04-21,,Active,,70200.0,3,34,6.5,2.1,6.2,Onsite,2
E10211,Deborah Thompson,Female,26,Customer Support,Senior,Master's,2023-02-24,2024-12-07,Terminated,Voluntary - Relocation,72000.0,4,11,21.3,2.1,4.6,Hybrid,36
E10212,Cynthia Wright,Female,26,Operations,Entry,Master's,2020-02-10,,Active,,49600.0,4,12,18.1,3.1,3.6,Hybrid,10
E10213,Edward Ramirez,Male,35,Sales,Manager,PhD,2020-12-21,,Active,,166400.0,3,8,16.6,2.6,0.9,Remote,39
E10214,Larry Moore,Male,36,Engineering,Entry,High School,2019-12-11,,Active,,90500.0,1,1,17.7,3.2,4.0,Hybrid,22
E10215,Jeffrey Perez,Male,23,HR,Associate,Bachelor's,2023-12-17,,Active,,78300.0,4,32,12.1,3.6,4.9,Hybrid,30
E10216,Brian Nguyen,Male,37,Operations,Senior,Master's,2020-12-11,,Active,,90700.0,4,18,16.4,3.7,1.8,Onsite,20
E10217,Laura Moore,Female,34,Sales,Associate,Master's,2020-01-30,,Active,,88500.0,3,6,12.8,3.9,9.9,Remote,21
E10218,Paul Lopez,Male,27,Finance,Associate,High School,2020-03-11,2021-03-09,Terminated,Voluntary - Better Opportunity,104000.0,3,16,8.2,3.2,8.2,Onsite,12
E10219,Jessica Martinez,Female,32,Operations,Associate,Bachelor's,2021-09-14,,Active,,64100.0,4,0,14.4,2.5,1.1,Onsite,28
E10220,Daniel Thompson,Male,33,HR,Senior,Associate Degree,2021-06-26,,Active,,102500.0,2,3,1.3,2.7,14.3,Onsite,29
E10221,Amanda Johnson,Female,26,Finance,Entry,Bachelor's,2026-02-28,2026-04-22,Terminated,Voluntary - Personal,66100.0,4,5,9.6,2.7,4.9,Onsite,27
E10222,Brian Williams,Male,47,Sales,Manager,Bachelor's,2019-07-12,,Active,,174600.0,5,4,13.7,3.6,6.6,Hybrid,22
E10223,Jacob Scott,Male,32,Sales,Senior,Master's,2024-05-15,,Active,,108200.0,2,13,21.0,3.3,4.0,Remote,34
E10224,Jessica Harris,Female,41,Engineering,Senior,Bachelor's,2020-08-14,,Active,,146300.0,2,20,8.7,1.9,9.6,Hybrid,12
E10225,Jessica Clark,Female,38,Customer Support,Senior,PhD,2019-09-15,,Active,,74700.0,2,17,19.2,3.1,29.1,Hybrid,18
E10226,David Moore,Male,34,Finance,Lead,Bachelor's,2018-12-17,,Active,,158600.0,2,11,0.0,4.2,1.1,Remote,20
E10227,Jacob Moore,Male,30,Sales,Entry,High School,2019-10-17,,Active,,65700.0,3,46,16.0,2.4,2.1,Hybrid,4
E10228,Lisa Wilson,Female,38,Sales,Associate,PhD,2019-03-25,,Active,,83100.0,5,3,17.1,2.9,12.7,Onsite,25
E10229,Paul Hill,Male,54,Marketing,Lead,Bachelor's,2020-04-19,,Active,,134000.0,3,45,0.4,3.9,12.7,Onsite,18
E10230,Kevin Garcia,Male,36,Sales,Senior,High School,2024-10-25,2025-06-11,Terminated,Voluntary - Better Opportunity,108300.0,3,7,12.6,3.4,7.4,Onsite,20
E10231,Patricia Miller,Female,44,Operations,Senior,Bachelor's,2019-03-02,,Active,,86500.0,4,9,15.2,3.4,3.7,Onsite,27
E10232,Mark Sanchez,Male,27,Operations,Entry,Bachelor's,2020-11-06,,Active,,48800.0,2,27,15.2,4.4,5.2,Hybrid,28
E10233,Larry Johnson,Male,32,Finance,Associate,Bachelor's,2021-03-03,,Active,,99000.0,2,21,0.0,3.0,1.8,Onsite,25
E10234,Joseph Rodriguez,Male,31,Finance,Associate,Bachelor's,2020-12-24,,Active,,101000.0,3,2,1.3,3.0,8.8,Onsite,1
E10235,Rebecca Rodriguez,Female,31,Engineering,Entry,High School,2018-08-31,,Active,,92900.0,2,10,15.7,2.7,1.4,Hybrid,18
E10236,Gary Nguyen,Male,29,Sales,Entry,Bachelor's,2021-04-28,,Active,,67900.0,1,13,14.8,2.7,3.0,Onsite,16
E10237,John Anderson,Male,42,Operations,Lead,Master's,2019-08-07,,Active,,106500.0,4,28,11.7,3.0,10.2,Hybrid,28
E10238,Sandra Rodriguez,Female,31,HR,Associate,Bachelor's,2019-04-08,,Active,,76200.0,3,5,3.4,3.3,13.2,Hybrid,22
E10239,Betty Wilson,Female,24,Operations,Associate,Associate Degree,2025-10-31,,Active,,59400.0,2,6,12.5,1.9,3.7,Remote,15
E10240,Edward Nguyen,Male,24,Marketing,Entry,Master's,2021-11-16,,Active,,65100.0,3,1,7.1,2.8,4.0,Onsite,7
E10241,Barbara Moore,Female,36,Engineering,Manager,Associate Degree,2025-06-04,,Active,,205100.0,4,1,8.3,2.9,29.7,Onsite,12
E10242,Mary Anderson,Female,24,Engineering,Associate,PhD,2022-11-17,,Active,,108800.0,3,4,11.3,2.3,0.5,Onsite,44
E10243,Michelle Lewis,Female,34,Sales,Lead,Associate Degree,2024-08-30,,Active,,116100.0,3,3,10.7,3.4,2.7,Remote,16
E10244,Ronald Hernandez,Male,23,Customer Support,Entry,Associate Degree,2020-11-11,,Active,,43000.0,3,2,21.5,3.2,0.6,Remote,20
E10245,Richard Perez,Male,36,Engineering,Associate,Bachelor's,2024-02-03,,Active,,118200.0,1,31,7.8,2.3,9.0,Onsite,15
E10246,Jennifer Lewis,Female,32,IT,Senior,Master's,2022-03-29,,Active,,118200.0,3,10,7.8,2.8,6.4,Hybrid,13
E10247,Elizabeth Young,Female,40,Sales,Senior,Bachelor's,2019-05-15,,Active,,111600.0,3,3,15.6,2.9,9.0,Hybrid,11
E10248,Nancy Hernandez,Female,27,Marketing,Associate,Bachelor's,2022-04-18,,Active,,77200.0,3,2,12.1,3.1,16.5,Onsite,22
E10249,David Harris,Male,42,Marketing,Manager,Bachelor's,2024-03-27,,Active,,157300.0,3,2,10.4,4.3,22.3,Hybrid,35
E10250,Edward Lee,Male,25,Finance,Associate,Bachelor's,2021-11-27,,Active,,95800.0,2,5,5.2,3.4,36.6,Hybrid,25
E10251,Ronald Robinson,Male,32,Operations,Associate,High School,2022-07-14,,Active,,66500.0,2,9,11.3,2.9,7.7,Onsite,20
E10252,Patricia Johnson,Female,35,Marketing,Associate,Bachelor's,2023-04-13,,Active,,79100.0,3,3,3.7,3.1,4.7,Onsite,11
E10253,James Martinez,Male,39,Engineering,Associate,PhD,2022-04-29,,Active,,114100.0,1,7,6.0,2.7,5.8,Remote,20
E10254,Jacob Garcia,Male,39,Marketing,Associate,Associate Degree,2019-04-20,,Active,,86000.0,2,6,9.8,2.0,9.0,Remote,24
E10255,Jennifer Scott,Female,30,Engineering,Entry,Associate Degree,2024-12-12,,Active,,83900.0,4,20,10.8,3.6,2.7,Onsite,11
E10256,Jessica Jones,Female,34,Operations,Entry,PhD,2021-03-13,,Active,,49200.0,3,0,17.1,2.9,7.1,Remote,30
E10257,Mark Hernandez,Male,31,IT,Entry,High School,2020-10-10,,Active,,70500.0,3,9,7.9,3.4,10.2,Remote,1
E10258,Mark Hernandez,Male,28,HR,Entry,Bachelor's,2025-01-08,,Active,,53500.0,2,10,11.7,3.6,0.5,Hybrid,6
E10259,Jeffrey Scott,Male,40,Sales,Lead,Bachelor's,2021-02-21,,Active,,140900.0,3,40,10.3,2.2,7.1,Onsite,23
E10260,Emily Lewis,Female,32,Engineering,Associate,Master's,2021-09-13,,Active,,114100.0,2,15,18.6,3.3,0.5,Onsite,9
E10261,Mark Taylor,Male,32,Customer Support,Senior,Bachelor's,2022-05-09,,Active,,76400.0,5,7,14.7,3.4,6.0,Onsite,16
E10262,Eric Young,Male,42,Sales,Lead,Master's,2026-07-19,,Active,,128300.0,4,1,22.1,3.4,7.2,Onsite,13
E10263,Mary Robinson,Female,42,HR,Manager,High School,2025-10-06,,Active,,136400.0,4,2,6.0,3.7,3.0,Remote,20
E10264,Robert Martinez,Male,44,Marketing,Manager,Bachelor's,2020-07-05,,Active,,162800.0,2,2,5.7,3.0,16.8,Hybrid,12
E10265,Donna Robinson,Female,42,Sales,Senior,Master's,2021-05-09,2024-07-06,Terminated,Voluntary - Better Opportunity,106500.0,4,6,11.6,2.9,4.6,Onsite,18
E10266,Jeffrey Davis,Male,27,HR,Entry,Associate Degree,2022-06-10,,Active,,59000.0,1,51,2.7,2.5,8.0,Hybrid,13
E10267,Joseph Clark,Male,29,Sales,Associate,Associate Degree,2025-02-21,,Active,,82700.0,2,18,13.1,2.6,1.5,Hybrid,14
E10268,Ryan Miller,Male,32,Sales,Entry,Bachelor's,2020-09-11,,Active,,66700.0,3,0,13.7,3.6,6.6,Hybrid,50
E10269,Kimberly Davis,Female,33,Engineering,Associate,Master's,2026-05-02,2026-06-28,Terminated,Involuntary - Restructuring,107300.0,1,3,2.0,4.1,6.1,Onsite,11
E10270,Brian Jones,Male,29,Customer Support,Associate,High School,2022-09-12,2025-12-20,Terminated,Voluntary - Personal,56100.0,1,22,18.6,2.4,4.6,Onsite,5
E10271,Nancy Wilson,Female,24,IT,Entry,Bachelor's,2025-05-16,,Active,,58600.0,4,15,8.1,3.3,0.5,Hybrid,14
E10272,Michelle King,Female,30,IT,Associate,Bachelor's,2021-07-16,,Active,,93400.0,3,17,5.5,3.7,6.9,Hybrid,26
E10273,Mary Hernandez,Female,26,Sales,Associate,Master's,2022-08-30,,Active,,82800.0,2,15,7.7,3.0,9.4,Hybrid,35
E10274,Melissa White,Female,46,Customer Support,Manager,Bachelor's,2025-08-09,,Active,,102600.0,2,10,11.7,3.7,3.8,Hybrid,33
E10275,Michael Lewis,Male,33,Marketing,Associate,Bachelor's,2022-03-19,2022-06-04,Terminated,Involuntary - Restructuring,82000.0,1,7,0.0,3.5,7.4,Onsite,39
E10276,David Anderson,Male,39,Sales,Director,Bachelor's,2024-07-28,2026-01-22,Terminated,Involuntary - Restructuring,211800.0,3,0,21.0,3.0,8.9,Hybrid,6
E10277,Mary Hernandez,Female,30,Finance,Entry,High School,2021-05-05,,Active,,69900.0,4,15,5.9,3.2,11.4,Remote,22
E10278,Rebecca Martin,Female,35,Engineering,Senior,PhD,2020-04-25,,Active,,151200.0,3,34,10.2,3.1,1.3,Hybrid,9
E10279,Linda Flores,Female,29,Customer Support,Entry,Bachelor's,2023-12-13,,Active,,40000.0,1,20,13.5,1.8,14.0,Onsite,27
E10280,Mark Gonzalez,Male,29,Marketing,Associate,Associate Degree,2024-01-06,,Active,,83300.0,2,9,11.8,3.5,8.4,Remote,2
E10281,Eric Wilson,Male,35,Engineering,Associate,Bachelor's,2024-05-30,2025-07-07,Terminated,Voluntary - Better Opportunity,112600.0,3,1,15.2,3.7,2.7,Onsite,5
E10282,Emily Flores,Female,21,IT,Entry,Master's,2024-02-13,,Active,,64900.0,3,3,7.5,4.1,27.4,Onsite,29
E10283,Gary Torres,Male,31,Customer Support,Entry,Master's,2021-12-26,2022-06-03,Terminated,Involuntary - Restructuring,42000.0,3,8,17.6,2.9,11.5,Onsite,0
E10284,Stephen Johnson,Male,33,Finance,Senior,Bachelor's,2018-09-06,,Active,,135500.0,4,35,1.5,1.9,8.5,Remote,16
E10285,Barbara Martin,Female,50,Customer Support,Lead,Bachelor's,2018-11-02,,Active,,88800.0,4,0,17.2,3.1,11.2,Hybrid,27
E10286,Anthony Thompson,Male,32,Engineering,Associate,Associate Degree,2021-11-24,,Active,,119400.0,3,8,2.7,4.2,14.1,Remote,20
E10287,Elizabeth Gonzalez,Female,24,IT,Associate,Master's,2024-09-12,2024-11-05,Terminated,Voluntary - Personal,85900.0,2,8,9.3,3.6,4.1,Hybrid,14
E10288,Paul Wright,Male,23,Engineering,Entry,Bachelor's,2022-05-18,,Active,,84900.0,2,11,15.6,2.5,16.5,Hybrid,19
E10289,David Moore,Male,41,Sales,Senior,Bachelor's,2022-01-23,,Active,,111800.0,3,0,9.7,3.4,1.5,Hybrid,3
E10290,Brian Gonzalez,Male,46,IT,Manager,Master's,2021-12-09,,Active,,170400.0,1,26,11.8,2.8,0.8,Remote,23
E10291,Betty Martin,Female,35,HR,Lead,High School,2023-02-11,,Active,,108600.0,2,43,4.0,2.5,13.3,Hybrid,22
E10292,Paul Nguyen,Male,26,Customer Support,Entry,Bachelor's,2024-09-12,,Active,,41400.0,1,9,19.6,3.0,6.9,Hybrid,11
E10293,Jacob Torres,Male,41,Operations,Associate,Bachelor's,2021-03-04,,Active,,67200.0,3,0,0.0,3.1,36.1,Hybrid,22
E10294,Mary Gonzalez,Female,31,Engineering,Senior,Associate Degree,2025-06-28,,Active,,129500.0,2,1,4.1,3.9,7.4,Hybrid,17
E10295,John Scott,Male,34,Sales,Lead,Bachelor's,2021-05-01,,Active,,129600.0,4,23,16.5,2.2,22.4,Hybrid,21
E10296,Emily Ramirez,Female,37,Customer Support,Associate,Bachelor's,2025-05-21,,Active,,53600.0,2,5,8.5,4.1,10.5,Remote,38
E10297,Ashley Hernandez,Female,29,Marketing,Associate,Master's,2024-10-27,,Active,,75200.0,4,13,8.6,3.4,5.7,Hybrid,20
E10298,Anthony Rodriguez,Male,36,Engineering,Associate,Bachelor's,2023-07-04,,Active,,116100.0,4,37,5.9,3.2,3.1,Remote,29
E10299,Michelle Martin,Female,34,Marketing,Associate,Master's,2020-07-29,2024-03-22,Terminated,Involuntary - Restructuring,80700.0,3,7,0.0,4.7,39.5,Onsite,6
E10300,Brian Allen,Male,46,Operations,Lead,Associate Degree,2021-05-20,,Active,,100900.0,1,64,7.9,1.5,5.0,Onsite,9
E10301,Amanda Miller,Female,29,Customer Support,Associate,Bachelor's,2024-09-14,,Active,,55000.0,3,23,16.1,2.7,1.7,Remote,2
E10302,Ashley Rodriguez,Female,37,Finance,Manager,Bachelor's,2019-05-14,,Active,,189200.0,3,24,6.4,2.6,11.2,Onsite,20
E10303,Steven Anderson,Male,34,Operations,Associate,Bachelor's,2025-03-28,,Active,,65000.0,2,17,13.4,2.5,0.5,Hybrid,16
E10304,Gary Taylor,Male,28,Sales,Senior,Associate Degree,2024-12-14,,Active,,106000.0,3,14,20.3,3.0,5.9,Remote,20
E10305,Christopher Harris,Male,30,Customer Support,Associate,High School,2021-11-20,,Active,,56900.0,3,18,10.6,3.8,13.6,Onsite,19
E10306,Susan Miller,Female,22,Sales,Associate,Associate Degree,2024-08-16,2025-10-09,Terminated,Voluntary - Relocation,83300.0,3,24,19.3,3.2,25.4,Onsite,25
E10307,Kevin Williams,Male,26,Engineering,Entry,Master's,2024-03-07,,Active,,84900.0,5,7,9.8,3.5,3.3,Onsite,11
E10308,Edward Rodriguez,Male,30,Customer Support,Entry,Associate Degree,2023-10-20,,Active,,41700.0,3,1,13.6,2.8,6.7,Hybrid,8
E10309,Mary Walker,Female,33,Sales,Associate,Bachelor's,2018-09-12,,Active,,87700.0,3,45,10.4,3.2,0.5,Hybrid,39
E10310,Stephanie Lopez,Female,28,Customer Support,Lead,Master's,2025-03-18,2025-11-17,Terminated,Voluntary - Relocation,80900.0,2,17,21.4,2.4,1.5,Hybrid,11
E10311,George Johnson,Male,28,Customer Support,Entry,Bachelor's,2019-04-26,,Active,,46300.0,2,20,24.4,2.7,1.5,Onsite,14
E10312,Brian Gonzalez,Male,32,IT,Associate,Bachelor's,2019-12-19,,Active,,94000.0,3,42,0.0,3.9,0.5,Onsite,19
E10313,Christopher Jackson,Male,50,Sales,Director,Bachelor's,2019-02-19,2020-07-06,Terminated,Voluntary - Better Opportunity,238400.0,1,38,20.9,2.8,27.9,Hybrid,30
E10314,Donna Smith,Female,37,Customer Support,Senior,High School,2021-05-13,,Active,,70700.0,4,34,14.9,2.8,16.3,Hybrid,28
E10315,Elizabeth Clark,Female,52,HR,Director,Master's,2023-01-24,,Active,,188600.0,3,6,1.6,2.9,7.4,Onsite,17
E10316,Melissa Williams,Female,37,Customer Support,Associate,Bachelor's,2018-12-14,2022-09-10,Terminated,Voluntary - Personal,55700.0,3,0,14.7,3.8,1.2,Hybrid,9
E10317,Patricia Smith,Female,33,Engineering,Associate,Bachelor's,2020-03-28,,Active,,114400.0,3,19,12.0,4.0,11.4,Hybrid,18
E10318,Sharon Hernandez,Female,33,Customer Support,Senior,Associate Degree,2022-07-16,,Active,,72800.0,4,0,11.3,3.4,3.8,Hybrid,14
E10319,Amy Clark,Female,21,Operations,Entry,High School,2019-07-25,,Active,,51400.0,1,86,8.2,2.2,40.7,Remote,19
E10320,Jonathan Lewis,Male,36,Engineering,Senior,PhD,2018-12-29,,Active,,158800.0,1,0,8.9,2.5,12.2,Hybrid,9
E10321,Paul Clark,Male,50,Finance,Senior,Bachelor's,2018-09-22,,Active,,141900.0,4,9,2.7,3.2,0.5,Hybrid,49
E10322,Lisa Moore,Female,27,Sales,Associate,Bachelor's,2021-07-09,2022-05-04,Terminated,Involuntary - Performance,85300.0,3,14,21.1,3.4,16.1,Remote,13
E10323,Jacob Moore,Male,35,Sales,Lead,Associate Degree,2020-09-10,,Active,,132400.0,3,13,11.3,2.9,5.1,Onsite,12
E10324,Nicholas Lopez,Male,39,Engineering,Senior,Associate Degree,2020-08-24,,Active,,157200.0,3,16,9.8,3.0,27.7,Hybrid,14
E10325,Mark Sanchez,Male,31,Engineering,Entry,Master's,2019-06-13,,Active,,89400.0,4,43,13.3,3.0,18.8,Hybrid,23
E10326,Melissa Lewis,Female,30,Sales,Lead,Master's,2024-11-01,,Active,,119600.0,1,22,16.6,3.1,11.3,Remote,10
E10327,James Jackson,Male,36,Customer Support,Associate,Bachelor's,2024-02-06,2024-09-27,Terminated,Involuntary - Performance,57400.0,2,6,16.6,2.6,6.8,Hybrid,4
E10328,Linda Walker,Female,39,Sales,Entry,High School,2020-10-25,,Active,,61900.0,3,13,14.5,3.9,11.5,Onsite,26
E10329,Thomas Allen,Male,43,IT,Senior,Bachelor's,2023-09-29,,Active,,115200.0,4,1,4.1,3.0,1.4,Onsite,30
E10330,Thomas Hill,Male,34,Sales,Lead,Bachelor's,2023-10-14,,Active,,131900.0,4,16,9.9,3.6,16.3,Onsite,23
E10331,Michelle Ramirez,Female,32,Engineering,Entry,Master's,2020-09-18,,Active,,86200.0,3,9,0.0,3.5,0.8,Remote,34
E10332,Sharon Rodriguez,Female,38,Customer Support,Senior,High School,2018-09-01,2023-12-28,Terminated,Voluntary - Better Opportunity,77700.0,1,59,13.9,2.2,3.4,Hybrid,39
E10333,Betty Wright,Female,42,Sales,Manager,Bachelor's,2024-02-23,2025-07-12,Terminated,Voluntary - Personal,150900.0,3,0,13.9,3.0,2.6,Hybrid,32
E10334,Nancy Jones,Female,25,IT,Entry,Bachelor's,2025-01-16,,Active,,60300.0,1,19,10.4,3.2,2.8,Onsite,25
E10335,Sandra King,Female,34,Customer Support,Associate,Bachelor's,2019-12-05,2026-06-18,Terminated,Involuntary - Performance,59200.0,1,0,10.6,3.3,15.2,Hybrid,14
E10336,David Jackson,Male,21,Sales,Entry,Bachelor's,2023-10-19,2026-06-18,Terminated,Voluntary - Better Opportunity,63700.0,3,8,10.6,3.3,10.4,Hybrid,4
E10337,Eric Miller,Male,41,Engineering,Manager,Bachelor's,2025-05-26,,Active,,204300.0,3,1,13.8,2.8,11.9,Hybrid,32
E10338,Cynthia Lewis,Female,45,Marketing,Manager,Bachelor's,2022-01-26,,Active,,156000.0,3,18,9.8,3.0,4.3,Hybrid,10
E10339,Kevin Jackson,Male,29,Operations,Entry,Bachelor's,2019-06-21,,Active,,51500.0,3,7,7.6,3.7,1.5,Hybrid,26
E10340,Eric Martinez,Male,36,Customer Support,Lead,Bachelor's,2021-10-11,2023-11-17,Terminated,Voluntary - Better Opportunity,88500.0,3,29,15.0,2.5,6.6,Hybrid,13
E10341,Elizabeth Williams,Female,29,Engineering,Senior,High School,2024-06-29,2025-06-23,Terminated,Voluntary - Better Opportunity,135700.0,3,3,10.0,3.3,48.7,Onsite,4
E10342,John Moore,Male,33,Operations,Associate,Master's,2024-04-14,,Active,,66500.0,3,28,14.3,3.0,6.5,Onsite,12
E10343,Emily Scott,Female,28,Operations,Lead,Bachelor's,2021-09-14,,Active,,96300.0,3,50,15.0,1.9,16.8,Hybrid,37
E10344,Melissa White,Female,22,Customer Support,Entry,Master's,2026-01-07,2026-07-21,Terminated,Voluntary - Better Opportunity,39600.0,3,0,9.3,4.3,2.3,Remote,6
E10345,Cynthia Walker,Female,27,Operations,Associate,High School,2019-06-02,,Active,,68800.0,3,27,9.6,2.5,1.0,Onsite,24
E10346,Amy Jones,Female,24,Finance,Entry,Master's,2026-01-10,,Active,,66700.0,3,7,8.0,3.6,7.6,Remote,12
E10347,Sandra Hill,Female,38,Operations,Senior,Bachelor's,2019-05-04,,Active,,86000.0,3,29,14.3,3.4,2.4,Remote,34
E10348,Melissa Thomas,Female,48,Marketing,Lead,Associate Degree,2025-11-21,,Active,,118300.0,1,2,13.1,3.1,18.0,Remote,2
E10349,Rebecca Harris,Female,41,Sales,Lead,Bachelor's,2020-03-25,,Active,,134300.0,4,1,16.9,3.0,5.8,Onsite,37
E10350,Linda Wright,Female,41,Sales,Senior,Master's,2019-08-13,,Active,,114700.0,3,48,13.1,1.6,35.1,Hybrid,21
E10351,George Thomas,Male,39,Customer Support,Senior,Bachelor's,2020-07-21,,Active,,75700.0,3,20,17.9,2.9,12.2,Onsite,14
E10352,Edward Young,Male,25,Sales,Entry,Bachelor's,2023-10-18,,Active,,61900.0,1,2,20.9,3.0,29.9,Onsite,16
E10353,Eric Lopez,Male,33,Sales,Senior,Master's,2022-03-23,,Active,,112100.0,4,0,14.1,2.7,2.6,Hybrid,24
E10354,Eric Rodriguez,Male,35,Engineering,Lead,High School,2018-09-12,2023-11-12,Terminated,Involuntary - Performance,190300.0,2,47,10.4,2.8,2.3,Onsite,51
E10355,George Wilson,Male,39,Finance,Senior,Bachelor's,2025-07-22,,Active,,120300.0,1,9,9.3,1.9,1.8,Onsite,31
E10356,Susan Rodriguez,Female,38,Finance,Manager,Bachelor's,2022-09-03,,Active,,179200.0,3,2,11.7,2.7,5.3,Remote,18
E10357,Elizabeth King,Female,29,Customer Support,Entry,Associate Degree,2019-12-23,2023-07-18,Terminated,Voluntary - Better Opportunity,42300.0,4,13,16.7,3.8,3.0,Onsite,31
E10358,Kimberly White,Female,36,Finance,Lead,Bachelor's,2019-09-12,,Active,,150400.0,4,9,1.4,3.2,25.5,Remote,20
E10359,Ronald Martinez,Male,31,Sales,Associate,Associate Degree,2024-06-14,,Active,,85200.0,2,26,17.5,3.3,1.1,Remote,10
E10360,Kimberly Clark,Female,39,Sales,Senior,Bachelor's,2023-10-29,2025-04-09,Terminated,Voluntary - Better Opportunity,104400.0,3,9,16.2,3.2,8.3,Onsite,21
E10361,Richard Martinez,Male,34,Finance,Associate,Bachelor's,2021-08-28,,Active,,96500.0,3,15,5.8,2.4,2.3,Hybrid,19
E10362,Edward Wilson,Male,28,Operations,Associate,Master's,2026-03-26,,Active,,65000.0,3,5,7.8,3.2,9.4,Hybrid,31
E10363,Daniel Allen,Male,31,Customer Support,Entry,High School,2022-01-25,,Active,,41500.0,3,29,18.3,4.0,3.6,Hybrid,21
E10364,Amanda Williams,Female,46,Engineering,Lead,PhD,2020-09-07,,Active,,175400.0,3,14,11.9,4.0,0.6,Onsite,28
E10365,Patricia Jackson,Female,33,Engineering,Entry,Master's,2018-09-15,,Active,,89700.0,4,13,10.3,3.3,5.2,Remote,14
E10366,Emily Brown,Female,39,Sales,Senior,Master's,2023-02-25,,Active,,111900.0,3,1,13.2,3.5,6.6,Hybrid,17
E10367,Cynthia Wright,Female,29,Customer Support,Associate,Master's,2024-04-14,,Active,,54800.0,3,3,12.5,3.0,9.3,Hybrid,8
E10368,Barbara Johnson,Female,29,Operations,Entry,Bachelor's,2025-10-24,,Active,,47200.0,1,2,7.6,3.7,11.6,Hybrid,26
E10369,Patricia Perez,Female,33,Operations,Entry,Master's,2022-03-13,2023-06-03,Terminated,Involuntary - Restructuring,49800.0,2,54,20.0,2.3,4.0,Hybrid,12
E10370,Jennifer Walker,Female,31,Customer Support,Entry,High School,2019-09-28,2021-10-14,Terminated,Involuntary - Performance,42300.0,2,5,12.2,3.9,1.3,Onsite,27
E10371,Thomas Hernandez,Male,36,Sales,Associate,Associate Degree,2018-12-31,2026-01-12,Terminated,Involuntary - Performance,88300.0,1,0,22.1,2.8,13.1,Hybrid,19
E10372,Thomas Lewis,Male,23,Sales,Associate,Bachelor's,2023-03-24,,Active,,87600.0,3,41,9.1,3.5,7.8,Hybrid,18
E10373,Ryan Jackson,Male,42,Sales,Senior,Bachelor's,2018-10-22,,Active,,116200.0,4,46,15.7,3.8,3.7,Hybrid,16
E10374,Edward Clark,Male,37,Engineering,Senior,Bachelor's,2020-11-16,,Active,,149000.0,3,9,12.4,2.8,0.5,Hybrid,12
E10375,Cynthia Flores,Female,35,Customer Support,Associate,Associate Degree,2022-02-24,2022-12-01,Terminated,Voluntary - Relocation,53800.0,3,3,13.4,2.6,0.5,Hybrid,24
E10376,Paul Davis,Male,33,Customer Support,Associate,Associate Degree,2024-11-10,,Active,,55900.0,1,10,11.5,4.1,6.5,Remote,0
E10377,Betty Anderson,Female,42,Engineering,Associate,Bachelor's,2021-04-12,,Active,,114200.0,2,1,5.4,3.6,2.5,Remote,11
E10378,Barbara King,Female,32,Sales,Associate,Master's,2023-09-30,,Active,,80800.0,5,26,10.4,3.2,3.1,Onsite,12
E10379,William Williams,Male,35,Finance,Entry,Associate Degree,2026-05-07,,Active,,71200.0,3,2,0.0,4.0,19.4,Hybrid,24
E10380,Melissa Thomas,Female,39,Engineering,Lead,PhD,2022-02-18,,Active,,162900.0,3,15,16.4,3.2,4.5,Hybrid,15
E10381,Betty Hill,Female,28,Sales,Associate,Master's,2022-06-11,2025-05-18,Terminated,Voluntary - Relocation,80000.0,3,30,24.5,1.6,3.3,Remote,29
E10382,Daniel Lewis,Male,33,Customer Support,Senior,Master's,2024-09-28,,Active,,75400.0,1,4,10.0,4.0,10.3,Onsite,23
E10383,Anthony Jackson,Male,21,Marketing,Associate,Associate Degree,2023-03-10,,Active,,83700.0,1,28,7.3,3.8,9.7,Hybrid,28
E10384,Ryan Ramirez,Male,48,Finance,Manager,Bachelor's,2020-07-13,,Active,,186700.0,3,10,1.8,3.5,10.6,Onsite,3
E10385,Jessica Rodriguez,Female,35,Operations,Senior,PhD,2019-08-07,,Active,,88800.0,3,6,10.6,3.2,2.2,Hybrid,13
E10386,Mark Walker,Male,40,Engineering,Manager,PhD,2024-05-22,,Active,,211400.0,3,20,12.3,3.0,10.9,Hybrid,17
E10387,Brian Allen,Male,22,Engineering,Entry,Associate Degree,2026-07-21,,Active,,86100.0,4,1,5.5,4.7,0.5,Hybrid,27
E10388,Jonathan Miller,Male,26,Customer Support,Entry,Bachelor's,2019-08-16,2022-07-24,Terminated,Voluntary - Personal,44300.0,3,57,12.8,2.7,4.2,Hybrid,31
E10389,Emily Torres,Female,35,Operations,Associate,Master's,2022-07-24,,Active,,65500.0,1,19,24.9,2.7,4.8,Onsite,7
E10390,Daniel Walker,Male,32,Sales,Associate,Bachelor's,2022-09-08,2024-12-04,Terminated,Involuntary - Restructuring,83500.0,1,19,14.6,3.3,1.3,Hybrid,12
E10391,Rebecca Robinson,Female,44,IT,Lead,PhD,2023-05-24,,Active,,135600.0,4,7,10.5,3.7,4.3,Onsite,19
E10392,Jacob Robinson,Male,37,IT,Manager,High School,2024-07-22,,Active,,180300.0,3,25,14.1,3.1,24.6,Onsite,17
E10393,Jessica White,Female,32,IT,Associate,Master's,2021-12-26,,Active,,85500.0,3,1,4.1,4.2,2.1,Onsite,26
E10394,Mary Jackson,Female,32,Marketing,Senior,PhD,2024-11-26,,Active,,100900.0,4,15,12.4,4.3,0.5,Hybrid,14
E10395,Christopher Lewis,Male,40,Engineering,Associate,Bachelor's,2025-03-18,2026-01-19,Terminated,Involuntary - Performance,112500.0,2,17,0.0,3.7,5.7,Onsite,16
E10396,Sarah Wright,Female,37,Sales,Lead,Bachelor's,2025-12-13,,Active,,117000.0,3,8,23.6,2.7,9.5,Onsite,9
E10397,Jeffrey White,Male,43,Customer Support,Senior,Bachelor's,2019-06-18,,Active,,77700.0,2,18,24.8,2.6,20.1,Remote,4
E10398,Joseph Davis,Male,31,Customer Support,Associate,Master's,2026-07-17,2026-08-16,Terminated,Voluntary - Better Opportunity,54700.0,3,1,20.8,2.3,0.7,Onsite,10
E10399,Lisa Miller,Female,39,Marketing,Entry,Associate Degree,2019-09-20,,Active,,61600.0,4,11,7.2,4.5,17.3,Onsite,15
E10400,Mary Hernandez,Female,24,Finance,Associate,High School,2026-07-19,,Active,,88800.0,2,1,12.4,3.6,13.1,Onsite,20
E10401,Anthony Hernandez,Male,39,Engineering,Senior,High School,2020-04-15,,Active,,151800.0,1,13,7.8,1.7,0.5,Onsite,17
E10402,George Flores,Male,36,Operations,Senior,Bachelor's,2022-06-13,,Active,,84700.0,4,5,6.5,3.5,2.2,Remote,19
E10403,Stephen Martin,Male,41,Engineering,Lead,Bachelor's,2023-08-30,,Active,,182700.0,2,7,4.8,3.5,0.5,Hybrid,24
E10404,Michael Allen,Male,36,Sales,Associate,Bachelor's,2019-02-12,2024-07-29,Terminated,Voluntary - Relocation,92700.0,4,0,15.0,4.0,12.3,Onsite,32
E10405,Sarah Harris,Female,23,IT,Entry,Associate Degree,2022-12-10,,Active,,64300.0,1,5,12.4,3.5,3.8,Hybrid,19
E10406,Mark King,Male,30,Operations,Associate,Bachelor's,2023-06-16,,Active,,65800.0,3,17,9.7,3.0,24.7,Hybrid,24
E10407,Richard Young,Male,36,Engineering,Director,Master's,2026-06-15,,Active,,260000.0,4,2,5.7,3.5,1.5,Onsite,3
E10408,Linda Ramirez,Female,32,Engineering,Associate,Bachelor's,2020-06-02,,Active,,115800.0,2,42,9.9,3.8,0.8,Hybrid,13
E10409,Stephanie Sanchez,Female,33,Finance,Associate,Bachelor's,2020-01-31,,Active,,97300.0,3,14,5.3,3.3,5.9,Hybrid,0
E10410,Jennifer Thomas,Female,30,Operations,Entry,Bachelor's,2021-05-21,,Active,,47700.0,3,35,19.1,2.9,7.2,Hybrid,25
E10411,Linda Thompson,Female,26,Engineering,Associate,Bachelor's,2021-04-26,,Active,,112800.0,3,26,11.7,3.4,13.7,Onsite,14
E10412,Amanda Lee,Female,25,Engineering,Senior,PhD,2025-01-24,,Active,,137800.0,2,19,10.1,3.8,19.0,Onsite,30
E10413,Ryan Martin,Male,34,Operations,Associate,Associate Degree,2018-11-12,,Active,,71700.0,3,24,11.1,3.3,3.9,Hybrid,18
E10414,Lisa Hill,Female,31,IT,Associate,Associate Degree,2020-12-16,,Active,,84400.0,4,27,16.5,4.1,1.2,Remote,7
E10415,Christopher Anderson,Male,34,Customer Support,Entry,Bachelor's,2021-06-09,2021-11-03,Terminated,Involuntary - Performance,46100.0,2,20,10.9,2.9,1.4,Onsite,28
E10416,Jennifer Allen,Female,42,IT,Manager,Bachelor's,2023-03-16,2025-04-23,Terminated,Involuntary - Restructuring,163600.0,4,11,6.1,2.6,1.7,Onsite,31
E10417,Deborah Perez,Female,35,Marketing,Associate,Master's,2022-10-16,,Active,,80700.0,2,9,0.2,4.2,35.3,Hybrid,25
E10418,Amanda White,Female,37,Marketing,Lead,Bachelor's,2023-03-31,,Active,,122700.0,3,6,4.7,2.7,4.2,Hybrid,28
E10419,Michael Lewis,Male,32,IT,Senior,Bachelor's,2026-01-12,,Active,,107900.0,3,7,9.1,3.1,9.5,Hybrid,12
E10420,Jeffrey Hill,Male,45,Engineering,Senior,Bachelor's,2020-11-24,,Active,,150000.0,1,70,0.7,2.2,15.2,Hybrid,23
E10421,Nicholas Miller,Male,30,Operations,Senior,Bachelor's,2020-06-13,,Active,,87900.0,4,0,15.1,3.7,10.5,Hybrid,12
E10422,Lisa Walker,Female,38,Sales,Senior,High School,2021-11-03,,Active,,107000.0,3,15,10.9,3.0,18.8,Remote,30
E10423,Kevin Robinson,Male,41,Marketing,Manager,Master's,2021-10-31,,Active,,161700.0,2,1,7.1,3.4,1.4,Remote,18
E10424,Stephanie Hill,Female,23,Customer Support,Entry,PhD,2026-05-11,2026-06-26,Terminated,Voluntary - Better Opportunity,35600.0,4,3,25.4,2.9,23.9,Remote,20
E10425,Ashley Sanchez,Female,37,Engineering,Senior,Bachelor's,2019-07-21,,Active,,148400.0,3,14,13.4,3.0,9.5,Hybrid,18
E10426,Ashley Anderson,Female,21,Customer Support,Entry,Associate Degree,2023-07-17,,Active,,41800.0,2,6,16.8,2.8,3.0,Hybrid,29
E10427,Daniel Moore,Male,34,Marketing,Senior,Master's,2024-11-07,,Active,,100200.0,1,21,3.3,3.3,30.4,Hybrid,9
E10428,William Robinson,Male,38,Sales,Entry,Bachelor's,2023-12-22,,Active,,62000.0,3,16,12.3,2.3,1.5,Onsite,17
E10429,Stephanie Thompson,Female,29,Engineering,Associate,Bachelor's,2026-03-20,,Active,,108300.0,3,5,15.2,2.8,7.9,Remote,18
E10430,Eric Martinez,Male,34,Operations,Associate,Master's,2026-07-08,2026-08-15,Terminated,Voluntary - Better Opportunity,64200.0,4,1,20.5,4.2,3.3,Hybrid,17
E10431,Brian Garcia,Male,35,Sales,Senior,Bachelor's,2025-05-02,,Active,,109000.0,4,16,26.0,3.5,13.5,Hybrid,8
E10432,James Flores,Male,33,Operations,Lead,Master's,2020-09-06,,Active,,104200.0,2,25,6.6,3.2,6.7,Remote,13
E10433,Sandra Perez,Female,41,Engineering,Senior,Bachelor's,2022-04-03,,Active,,140900.0,3,3,0.7,3.0,11.8,Onsite,12
E10434,Susan Williams,Female,27,Customer Support,Associate,Bachelor's,2023-12-31,,Active,,53400.0,3,32,23.4,2.9,6.1,Onsite,21
E10435,Robert Anderson,Male,39,Sales,Entry,Bachelor's,2018-10-19,,Active,,67800.0,3,11,22.4,2.9,10.1,Hybrid,7
E10436,Sharon Ramirez,Female,21,Marketing,Associate,Associate Degree,2025-01-08,,Active,,74800.0,3,14,10.6,3.3,1.3,Onsite,37
E10437,Deborah Davis,Female,45,Sales,Senior,Bachelor's,2020-05-20,2025-05-01,Terminated,Involuntary - Performance,114500.0,2,18,12.7,3.8,1.0,Remote,19
E10438,Kevin Lee,Male,34,HR,Senior,Bachelor's,2022-04-26,2023-10-05,Terminated,Involuntary - Performance,99300.0,4,3,4.3,4.1,16.8,Onsite,13
E10439,Jason Anderson,Male,44,HR,Manager,Bachelor's,2026-05-28,2026-08-21,Terminated,Involuntary - Restructuring,135300.0,3,3,11.2,2.4,6.4,Onsite,18
E10440,Stephen Jones,Male,28,Operations,Entry,Master's,2023-08-28,,Active,,49000.0,3,25,10.2,2.2,4.4,Hybrid,3
E10441,Jonathan Martin,Male,25,Operations,Associate,Associate Degree,2025-12-30,,Active,,63600.0,3,7,10.2,4.7,12.6,Onsite,52
E10442,Carol Wilson,Female,25,Engineering,Entry,Master's,2023-06-18,,Active,,83900.0,4,1,5.8,3.9,6.0,Remote,38
E10443,Sharon Torres,Female,30,Operations,Associate,Bachelor's,2025-07-11,2025-08-24,Terminated,Voluntary - Better Opportunity,61600.0,3,0,15.3,3.2,4.7,Hybrid,18
E10444,Jason White,Male,34,Customer Support,Associate,Bachelor's,2020-12-18,,Active,,59500.0,2,42,17.0,2.9,3.8,Onsite,10
E10445,Jonathan Nguyen,Male,45,Sales,Lead,Bachelor's,2022-04-30,2022-11-30,Terminated,Involuntary - Performance,133800.0,2,50,18.2,2.8,5.4,Hybrid,14
E10446,Jacob Garcia,Male,28,Engineering,Associate,Associate Degree,2024-07-04,,Active,,108400.0,1,26,7.6,2.3,2.5,Onsite,25
E10447,Gary Smith,Male,41,IT,Senior,Master's,2021-11-28,2022-06-25,Terminated,Voluntary - Better Opportunity,123000.0,2,23,10.9,3.6,2.3,Remote,38
E10448,Carol Martin,Female,35,Marketing,Entry,Bachelor's,2018-09-19,,Active,,61200.0,2,30,2.2,3.0,0.5,Hybrid,36
E10449,Margaret Torres,Female,38,HR,Lead,High School,2020-12-02,,Active,,115900.0,2,8,2.0,3.7,2.6,Onsite,25
E10450,Thomas Perez,Male,34,Marketing,Lead,Bachelor's,2025-09-02,,Active,,125600.0,2,11,13.2,3.0,10.9,Onsite,16
E10451,Amy Allen,Female,33,Sales,Associate,Bachelor's,2023-07-04,2023-08-24,Terminated,Voluntary - Better Opportunity,82300.0,3,35,14.2,2.9,12.2,Onsite,14
E10452,Barbara Nguyen,Female,34,IT,Lead,Master's,2025-09-18,,Active,,135200.0,3,11,6.6,3.3,4.9,Onsite,10
E10453,Daniel Hill,Male,43,HR,Senior,Bachelor's,2021-12-14,2023-08-29,Terminated,Voluntary - Personal,97600.0,2,4,5.3,4.7,8.2,Hybrid,18
E10454,Sarah Davis,Female,41,Sales,Lead,Associate Degree,2020-06-19,2022-03-08,Terminated,Involuntary - Restructuring,124800.0,4,18,16.7,3.4,17.1,Hybrid,0
E10455,Susan Sanchez,Female,32,IT,Senior,High School,2024-02-26,,Active,,114700.0,3,16,6.8,3.5,0.9,Hybrid,26
E10456,Donna Wright,Female,31,HR,Manager,Bachelor's,2024-04-01,2025-03-01,Terminated,Voluntary - Better Opportunity,132800.0,3,1,5.4,3.2,9.5,Hybrid,26
E10457,Brian Torres,Male,28,Engineering,Entry,Associate Degree,2023-09-01,,Active,,88200.0,2,1,8.9,4.1,24.9,Hybrid,48
E10458,James Allen,Male,35,Operations,Manager,Bachelor's,2024-03-15,2025-01-17,Terminated,Involuntary - Restructuring,126800.0,1,13,10.9,2.4,6.5,Remote,22
E10459,Michael Robinson,Male,36,Operations,Associate,Bachelor's,2023-05-19,2026-06-26,Terminated,Involuntary - Restructuring,68300.0,4,3,7.1,2.2,1.0,Onsite,12
E10460,Lisa King,Female,45,Customer Support,Senior,Associate Degree,2019-07-21,,Active,,74800.0,1,42,19.8,1.4,0.5,Remote,34
E10461,Robert Hernandez,Male,26,Engineering,Associate,Master's,2024-01-23,,Active,,108800.0,3,1,12.2,3.3,24.2,Hybrid,23
E10462,Barbara Flores,Female,27,Operations,Manager,Master's,2025-06-02,,Active,,119500.0,3,2,0.0,3.3,14.3,Hybrid,29
E10463,Kimberly Hill,Female,45,IT,Director,Bachelor's,2018-09-06,,Active,,236800.0,3,9,0.0,4.1,19.1,Hybrid,19
E10464,Lisa Martinez,Female,39,Operations,Associate,Bachelor's,2020-01-01,,Active,,66600.0,3,34,11.3,3.4,11.8,Onsite,4
E10465,James Moore,Male,27,Finance,Associate,High School,2024-09-14,,Active,,96300.0,4,21,2.7,2.6,9.0,Onsite,24
E10466,Sharon Jones,Female,31,Sales,Senior,Bachelor's,2025-05-14,,Active,,99000.0,4,15,12.9,3.7,11.1,Onsite,26
E10467,Emily Allen,Female,37,IT,Lead,Bachelor's,2021-12-16,2022-03-03,Terminated,Voluntary - Personal,137700.0,2,10,7.2,2.8,6.4,Hybrid,22
E10468,Nicholas Anderson,Male,29,IT,Associate,High School,2024-05-06,,Active,,92100.0,3,18,13.7,3.4,5.1,Onsite,15
E10469,Betty Rodriguez,Female,31,HR,Entry,Bachelor's,2020-12-23,,Active,,55300.0,2,24,0.0,3.0,8.0,Hybrid,5
E10470,Nicholas Davis,Male,47,Customer Support,Senior,Master's,2020-10-01,,Active,,76700.0,2,7,13.4,2.1,2.7,Onsite,28
E10471,Sarah Nguyen,Female,25,Engineering,Entry,Bachelor's,2021-11-29,,Active,,85100.0,1,5,6.5,3.7,10.9,Hybrid,15
E10472,Emily Flores,Female,34,Sales,Lead,Associate Degree,2025-05-30,,Active,,118200.0,2,2,20.1,1.5,3.6,Onsite,1
E10473,Sharon Scott,Female,24,Sales,Entry,Bachelor's,2021-10-28,2025-08-30,Terminated,Voluntary - Better Opportunity,62800.0,3,15,18.5,2.5,10.6,Hybrid,30
E10474,Melissa King,Female,32,Marketing,Senior,Bachelor's,2026-04-06,2026-05-15,Terminated,Voluntary - Relocation,106100.0,2,0,3.9,3.1,26.3,Onsite,25
E10475,Patricia Sanchez,Female,51,Finance,Director,High School,2019-01-25,,Active,,246100.0,3,3,10.7,2.9,2.2,Hybrid,26
E10476,Mark Jones,Male,42,Engineering,Associate,High School,2021-05-19,,Active,,116500.0,2,13,13.2,3.8,5.3,Remote,8
E10477,James Lee,Male,46,Sales,Director,Master's,2025-06-15,,Active,,213700.0,4,14,21.4,3.4,6.3,Hybrid,18
E10478,Robert King,Male,28,Engineering,Entry,Bachelor's,2023-02-01,,Active,,85200.0,3,9,10.2,1.7,1.7,Onsite,26
E10479,Larry Miller,Male,25,Sales,Senior,Bachelor's,2022-07-04,,Active,,113600.0,3,16,15.1,2.7,30.3,Remote,10
E10480,Paul Anderson,Male,33,Sales,Entry,Bachelor's,2019-02-15,,Active,,70400.0,2,10,19.3,2.7,5.7,Onsite,9
E10481,Sandra Lee,Female,36,Engineering,Lead,Master's,2019-06-15,,Active,,179100.0,3,34,6.2,2.8,45.4,Hybrid,15
E10482,Nicholas Clark,Male,46,HR,Senior,Master's,2019-02-06,,Active,,104500.0,4,3,0.0,2.9,25.7,Hybrid,23
E10483,Stephanie Young,Female,35,Marketing,Senior,Bachelor's,2020-02-13,,Active,,107700.0,2,12,14.0,2.9,6.2,Hybrid,35
E10484,Ronald Davis,Male,51,Sales,Manager,Bachelor's,2023-04-20,2026-03-19,Terminated,Voluntary - Personal,164000.0,3,19,8.1,2.4,6.0,Hybrid,17
E10485,Stephen Brown,Male,21,Finance,Entry,Bachelor's,2023-04-28,,Active,,73700.0,4,7,0.0,3.4,9.0,Hybrid,20
E10486,Jacob Nguyen,Male,28,Operations,Senior,Master's,2024-02-28,2026-08-08,Terminated,Voluntary - Personal,84200.0,2,20,11.7,3.5,1.9,Onsite,14
E10487,Larry Martinez,Male,47,Customer Support,Director,Bachelor's,2022-09-14,,Active,,144700.0,1,2,9.1,2.2,14.7,Onsite,15
E10488,Emily Jackson,Female,27,Engineering,Associate,PhD,2026-01-20,,Active,,104300.0,4,1,5.4,3.1,9.5,Onsite,5
E10489,Richard Ramirez,Male,29,Engineering,Associate,Bachelor's,2019-12-04,,Active,,118500.0,3,5,13.6,2.6,4.9,Hybrid,4
E10490,Jonathan Lewis,Male,45,Engineering,Manager,Bachelor's,2023-10-02,,Active,,224400.0,2,19,9.7,3.3,21.9,Onsite,25
E10491,Betty Walker,Female,28,Sales,Associate,Bachelor's,2024-07-08,,Active,,77000.0,4,6,15.6,3.0,2.1,Hybrid,23
E10492,Richard Harris,Male,46,IT,Manager,Bachelor's,2024-11-14,,Active,,166300.0,3,5,17.0,3.1,10.9,Hybrid,26
E10493,Rebecca Hill,Female,31,Marketing,Senior,Master's,2022-04-20,,Active,,102500.0,2,2,7.7,3.2,10.1,Hybrid,16
E10494,Larry Anderson,Male,35,Customer Support,Senior,Master's,2020-03-24,,Active,,74500.0,3,28,17.7,3.5,8.0,Onsite,21
E10495,Amanda White,Female,22,Sales,Associate,Bachelor's,2023-06-04,,Active,,78800.0,2,19,21.8,2.1,14.9,Hybrid,27
E10496,Cynthia Young,Female,40,Sales,Manager,Bachelor's,2024-06-13,2026-06-29,Terminated,Voluntary - Relocation,154500.0,3,20,18.2,1.9,4.9,Hybrid,22
E10497,Ryan Anderson,Male,41,Engineering,Manager,Master's,2018-09-13,,Active,,240100.0,3,0,9.1,3.7,5.5,Onsite,13
E10498,Ryan Rodriguez,Male,29,Finance,Associate,Bachelor's,2020-07-24,,Active,,101900.0,3,23,8.1,2.5,2.7,Onsite,36
E10499,Lisa Miller,Female,41,IT,Senior,Bachelor's,2024-06-16,2025-05-21,Terminated,Involuntary - Restructuring,118300.0,2,4,15.1,2.2,5.1,Hybrid,30
E10500,Melissa Martinez,Female,42,Marketing,Manager,Bachelor's,2022-12-09,,Active,,145600.0,3,4,6.9,4.4,3.1,Hybrid,7
E10501,Gary Jones,Male,30,Marketing,Senior,Master's,2023-08-21,,Active,,107300.0,2,4,10.6,2.8,15.5,Remote,6
E10502,Mary Perez,Female,37,Engineering,Manager,Bachelor's,2019-09-17,,Active,,229000.0,4,32,3.9,3.2,3.7,Hybrid,26
E10503,Paul Jones,Male,38,Customer Support,Senior,Bachelor's,2025-04-10,,Active,,74100.0,2,6,15.8,2.8,0.7,Onsite,23
E10504,Ryan Davis,Male,31,Customer Support,Lead,Master's,2021-03-26,,Active,,92400.0,3,42,23.9,1.8,9.5,Remote,30
E10505,Karen Jones,Female,32,Customer Support,Senior,Bachelor's,2024-12-09,2025-04-20,Terminated,Voluntary - Personal,70300.0,2,20,15.2,2.7,14.6,Hybrid,3
E10506,Christopher White,Male,40,Customer Support,Senior,Bachelor's,2021-04-11,2024-06-21,Terminated,Involuntary - Restructuring,77600.0,2,12,12.8,3.0,20.9,Hybrid,20
E10507,Larry King,Male,34,Engineering,Senior,Bachelor's,2019-08-10,,Active,,157700.0,3,2,3.0,2.7,13.7,Onsite,25
E10508,Ronald Hill,Male,41,Sales,Senior,PhD,2020-04-26,,Active,,113800.0,3,0,13.5,3.3,0.9,Hybrid,17
E10509,William Miller,Male,32,Finance,Associate,Master's,2024-01-10,,Active,,96000.0,2,20,0.3,4.0,2.4,Remote,18
E10510,Thomas Scott,Male,40,Operations,Senior,Bachelor's,2019-04-19,,Active,,86500.0,3,40,12.6,2.8,8.7,Hybrid,8
E10511,Deborah Johnson,Female,40,Sales,Associate,Bachelor's,2020-04-16,2025-05-22,Terminated,Involuntary - Performance,82900.0,3,3,16.0,3.3,27.7,Remote,18
E10512,Kimberly Nguyen,Female,40,Customer Support,Manager,Associate Degree,2021-10-13,2024-08-03,Terminated,Voluntary - Better Opportunity,107900.0,2,0,14.7,2.7,2.1,Hybrid,14
E10513,Kevin Wright,Male,29,Sales,Senior,Bachelor's,2022-08-11,,Active,,115400.0,2,15,16.3,3.1,9.1,Hybrid,25
E10514,Patricia King,Female,36,Finance,Senior,Bachelor's,2020-08-23,,Active,,125600.0,2,54,0.1,4.3,0.5,Remote,32
E10515,Emily Smith,Female,45,Sales,Director,Master's,2023-11-12,2025-10-11,Terminated,Involuntary - Performance,207600.0,1,15,6.0,3.1,18.3,Hybrid,22
E10516,Sharon Wright,Female,45,Sales,Associate,Bachelor's,2019-09-17,,Active,,84000.0,3,24,11.4,3.2,3.4,Remote,14
E10517,Richard Lee,Male,32,Engineering,Associate,Bachelor's,2021-08-26,,Active,,111900.0,2,0,17.6,1.7,4.7,Hybrid,12
E10518,George Johnson,Male,26,HR,Associate,Bachelor's,2025-12-17,,Active,,71300.0,2,8,3.1,2.9,7.9,Remote,27
E10519,Patricia Robinson,Female,30,Sales,Entry,Bachelor's,2025-05-07,,Active,,56700.0,4,8,17.9,3.5,4.0,Hybrid,26
E10520,Michelle Ramirez,Female,25,Sales,Entry,Bachelor's,2024-03-06,,Active,,62800.0,3,8,14.2,3.2,1.2,Hybrid,20
E10521,William Smith,Male,37,Sales,Director,Bachelor's,2026-02-12,2026-05-09,Terminated,Voluntary - Better Opportunity,213100.0,2,4,21.3,2.9,3.1,Remote,33
E10522,Michelle Martin,Female,31,Operations,Associate,PhD,2024-05-31,,Active,,61000.0,2,27,9.3,3.0,4.4,Remote,27
E10523,Anthony Davis,Male,35,Engineering,Senior,Master's,2020-06-02,,Active,,162700.0,3,55,9.0,4.0,3.2,Onsite,17
E10524,Jennifer King,Female,26,Customer Support,Associate,Master's,2026-06-24,2026-08-08,Terminated,Voluntary - Personal,49300.0,3,2,18.3,3.4,6.2,Hybrid,29
E10525,Kimberly Johnson,Female,34,Engineering,Associate,Master's,2020-11-18,,Active,,109100.0,3,2,2.1,3.3,6.8,Onsite,29
E10526,Thomas Walker,Male,41,Customer Support,Manager,Associate Degree,2018-09-26,,Active,,114000.0,4,39,15.7,4.4,33.9,Onsite,26
E10527,Jacob Sanchez,Male,43,Engineering,Senior,Bachelor's,2025-03-23,,Active,,147000.0,4,17,6.7,3.9,3.1,Hybrid,15
E10528,Laura Martinez,Female,32,Sales,Entry,Bachelor's,2023-06-19,2023-11-12,Terminated,Involuntary - Restructuring,59400.0,2,15,13.4,2.6,9.1,Remote,15
E10529,Steven Walker,Male,30,Marketing,Entry,Master's,2023-01-09,,Active,,59400.0,1,1,0.0,3.3,21.5,Onsite,1
E10530,Rebecca Allen,Female,34,HR,Lead,Bachelor's,2023-12-14,,Active,,102300.0,2,23,5.4,2.9,2.1,Onsite,20
E10531,Richard Perez,Male,41,Engineering,Lead,Master's,2019-05-17,,Active,,182700.0,4,87,6.3,2.1,4.2,Hybrid,14
E10532,Jennifer Taylor,Female,39,Operations,Senior,Master's,2019-08-11,2024-03-14,Terminated,Involuntary - Performance,89600.0,3,18,6.5,3.7,3.0,Hybrid,18
E10533,Emily Ramirez,Female,29,Engineering,Entry,Master's,2025-05-28,,Active,,78400.0,4,15,5.1,2.3,3.3,Onsite,18
E10534,Edward Davis,Male,33,HR,Manager,Associate Degree,2024-07-26,,Active,,139800.0,2,25,8.2,3.4,3.0,Hybrid,21
E10535,David Wright,Male,33,Engineering,Lead,Master's,2026-05-23,2026-07-30,Terminated,Involuntary - Performance,174400.0,3,3,13.6,3.1,0.5,Hybrid,26
E10536,Sarah Young,Female,38,Marketing,Lead,Associate Degree,2024-08-19,,Active,,116200.0,2,1,2.3,3.2,5.1,Hybrid,28
E10537,Sharon Taylor,Female,23,Finance,Associate,Bachelor's,2024-09-17,,Active,,93800.0,2,17,4.9,3.5,2.6,Remote,6
E10538,Thomas Smith,Male,38,Sales,Associate,PhD,2022-11-08,2023-01-01,Terminated,Voluntary - Personal,86300.0,1,38,15.9,2.2,15.9,Remote,33
E10539,Ronald Garcia,Male,29,Engineering,Entry,Bachelor's,2020-07-08,,Active,,91900.0,4,30,10.8,3.4,7.8,Onsite,6
E10540,Susan Clark,Female,21,Operations,Entry,Bachelor's,2021-09-04,,Active,,51200.0,2,6,9.6,3.1,3.5,Remote,13
E10541,Cynthia King,Female,30,Engineering,Associate,Master's,2025-12-14,,Active,,104500.0,3,8,12.8,3.0,45.7,Hybrid,2
E10542,Robert Johnson,Male,40,Customer Support,Manager,Bachelor's,2025-02-21,,Active,,104600.0,3,8,24.4,2.0,15.2,Remote,35
E10543,Michelle Smith,Female,31,Marketing,Entry,High School,2022-03-27,,Active,,60500.0,4,53,5.2,3.7,25.7,Hybrid,17
E10544,Kevin Gonzalez,Male,50,IT,Manager,Bachelor's,2022-09-23,,Active,,172000.0,2,0,1.6,3.9,14.9,Hybrid,18
E10545,Kimberly Torres,Female,21,Operations,Associate,Associate Degree,2026-03-21,2026-07-03,Terminated,Involuntary - Restructuring,58300.0,4,5,3.7,3.7,2.9,Remote,25
E10546,Thomas King,Male,41,IT,Senior,Master's,2018-09-12,,Active,,129100.0,3,12,6.4,4.4,8.2,Hybrid,29
E10547,Michelle Rodriguez,Female,47,Sales,Senior,Associate Degree,2021-03-19,2021-10-17,Terminated,Voluntary - Better Opportunity,114300.0,4,3,11.4,4.2,1.3,Onsite,25
E10548,James Perez,Male,37,Customer Support,Senior,Associate Degree,2022-04-15,,Active,,78700.0,3,17,15.2,2.6,10.8,Onsite,18
E10549,George Robinson,Male,35,Marketing,Entry,Bachelor's,2023-01-07,,Active,,59600.0,5,6,0.0,4.2,9.3,Onsite,29
E10550,Edward Harris,Male,43,IT,Manager,Master's,2023-10-24,2025-10-23,Terminated,Voluntary - Personal,169000.0,3,2,7.9,2.7,6.4,Hybrid,28
E10551,Ryan Gonzalez,Male,28,Engineering,Associate,Bachelor's,2019-02-06,,Active,,121000.0,4,4,0.0,4.5,1.9,Onsite,0
E10552,Jeffrey Jackson,Male,27,IT,Associate,Bachelor's,2025-09-20,,Active,,89800.0,4,11,2.2,4.1,2.0,Hybrid,0
E10553,Lisa Ramirez,Female,24,Engineering,Entry,Bachelor's,2019-06-06,,Active,,89900.0,2,2,9.8,2.5,4.0,Remote,19
E10554,Jacob Harris,Male,32,Marketing,Senior,Bachelor's,2022-11-24,,Active,,106800.0,1,0,8.8,3.8,2.2,Hybrid,10
E10555,Karen Anderson,Female,44,Engineering,Lead,Bachelor's,2021-08-14,,Active,,166600.0,4,13,8.5,2.7,0.5,Hybrid,31
E10556,Jeffrey Miller,Male,25,IT,Associate,High School,2023-12-06,,Active,,90900.0,4,19,7.0,3.4,0.8,Hybrid,24
E10557,Jessica Gonzalez,Female,34,Sales,Senior,Bachelor's,2020-05-03,,Active,,113300.0,3,8,21.1,3.6,0.5,Hybrid,5
E10558,Emily Lewis,Female,34,Finance,Lead,Master's,2024-11-30,,Active,,139200.0,4,16,8.1,2.9,18.3,Onsite,10
E10559,Steven Torres,Male,34,HR,Entry,Bachelor's,2020-07-31,,Active,,60300.0,3,4,1.7,4.1,10.2,Remote,3
E10560,Barbara Martin,Female,40,Engineering,Manager,High School,2022-02-19,,Active,,209700.0,2,49,4.3,2.7,5.6,Onsite,16
E10561,Sarah Young,Female,33,Sales,Associate,Bachelor's,2022-01-22,2026-05-21,Terminated,Involuntary - Restructuring,78900.0,2,5,12.7,3.7,3.3,Onsite,34
E10562,Cynthia Young,Female,36,Engineering,Lead,Bachelor's,2024-05-02,,Active,,172600.0,3,7,12.7,2.6,13.0,Hybrid,24
E10563,Paul Clark,Male,27,Finance,Associate,Bachelor's,2022-03-26,,Active,,96500.0,3,41,10.8,2.9,21.8,Hybrid,26
E10564,Patricia Young,Female,36,Customer Support,Associate,Bachelor's,2020-10-26,,Active,,53500.0,3,19,19.0,2.6,9.6,Hybrid,22
E10565,Lisa Lewis,Female,41,Finance,Lead,High School,2020-06-21,,Active,,146300.0,4,7,11.5,4.1,5.9,Onsite,24
E10566,Amy Martin,Female,33,IT,Associate,Master's,2022-07-01,,Active,,93300.0,3,17,15.0,2.8,2.1,Hybrid,15
E10567,James Young,Male,35,Operations,Senior,Bachelor's,2021-05-01,2026-06-14,Terminated,Involuntary - Restructuring,86600.0,1,37,12.0,1.5,8.9,Onsite,36
E10568,Gary Taylor,Male,37,Marketing,Senior,High School,2018-11-06,,Active,,109300.0,4,6,4.8,3.5,5.6,Hybrid,32
E10569,Melissa White,Female,37,Customer Support,Lead,Master's,2022-03-05,,Active,,86500.0,2,6,12.1,2.3,6.8,Hybrid,15
E10570,Joseph Martinez,Male,44,Sales,Manager,Bachelor's,2024-08-02,,Active,,158900.0,3,14,17.1,1.8,8.9,Remote,15
E10571,Lisa Flores,Female,33,Sales,Entry,Associate Degree,2021-08-28,2025-04-09,Terminated,Involuntary - Restructuring,61100.0,2,0,18.0,1.9,19.2,Hybrid,20
E10572,Cynthia Flores,Female,36,Operations,Lead,Bachelor's,2024-07-29,2024-11-14,Terminated,Involuntary - Restructuring,93500.0,3,5,17.5,2.9,22.3,Onsite,18
E10573,Betty Ramirez,Female,37,Operations,Senior,Bachelor's,2024-12-07,2026-07-16,Terminated,Involuntary - Restructuring,78400.0,3,20,3.8,2.6,3.8,Onsite,30
E10574,Karen Gonzalez,Female,42,Engineering,Manager,Bachelor's,2021-08-09,,Active,,211900.0,2,2,4.0,2.7,2.1,Hybrid,21
E10575,Robert Torres,Male,29,Sales,Lead,High School,2024-09-14,,Active,,138100.0,4,14,15.8,2.0,2.4,Hybrid,11
E10576,Cynthia Torres,Female,30,Engineering,Senior,High School,2025-10-03,,Active,,133700.0,3,10,4.7,3.1,2.9,Onsite,20
E10577,Anthony Martinez,Male,24,Finance,Entry,Bachelor's,2021-07-26,,Active,,73500.0,2,0,3.5,3.1,25.1,Onsite,13
E10578,Cynthia Rodriguez,Female,45,Finance,Lead,Bachelor's,2019-10-24,,Active,,149200.0,3,3,8.0,2.9,8.7,Hybrid,22
E10579,Brian Perez,Male,31,Customer Support,Entry,Associate Degree,2021-02-08,2021-06-21,Terminated,Voluntary - Personal,44600.0,3,13,29.4,1.7,9.9,Hybrid,21
E10580,Carol Williams,Female,36,Operations,Senior,Master's,2025-03-29,,Active,,75300.0,3,17,19.6,1.9,20.8,Hybrid,14
E10581,Amanda Gonzalez,Female,34,Operations,Entry,Bachelor's,2022-01-19,,Active,,48800.0,2,2,10.9,3.6,5.6,Hybrid,12
E10582,Patricia Jackson,Female,31,HR,Lead,Bachelor's,2025-04-12,,Active,,105000.0,2,11,10.0,3.2,9.0,Remote,8
E10583,Stephen Flores,Male,36,IT,Manager,Master's,2024-05-13,2026-07-23,Terminated,Voluntary - Better Opportunity,170600.0,3,6,15.3,3.9,7.6,Hybrid,25
E10584,Sharon Smith,Female,34,HR,Lead,Bachelor's,2025-10-25,,Active,,104300.0,1,1,0.0,3.4,4.7,Hybrid,17
E10585,Donna Jones,Female,30,IT,Associate,Master's,2024-02-21,,Active,,84000.0,3,24,4.2,3.5,17.8,Hybrid,19
E10586,Michelle Brown,Female,36,HR,Entry,Bachelor's,2020-10-16,,Active,,52100.0,2,23,14.1,2.8,5.6,Remote,18
E10587,Paul Davis,Male,29,Engineering,Senior,Bachelor's,2026-05-18,,Active,,145800.0,3,3,6.0,3.0,27.3,Hybrid,26
E10588,Edward Garcia,Male,41,IT,Manager,Bachelor's,2024-01-12,,Active,,164200.0,1,1,17.0,2.7,0.5,Hybrid,24
E10589,Larry Hernandez,Male,37,Operations,Senior,Master's,2025-11-24,2026-04-29,Terminated,Involuntary - Performance,80500.0,2,9,17.7,4.4,9.0,Hybrid,25
E10590,Linda Lee,Female,21,Operations,Entry,Master's,2023-08-07,2024-11-16,Terminated,Voluntary - Better Opportunity,44100.0,2,2,10.8,3.7,31.0,Onsite,15
E10591,William Ramirez,Male,38,Marketing,Associate,High School,2019-09-13,2019-10-26,Terminated,Voluntary - Personal,86800.0,3,18,6.7,3.3,0.5,Remote,12
E10592,Ryan Allen,Male,35,IT,Senior,High School,2023-01-08,,Active,,120300.0,3,8,12.7,3.8,19.3,Remote,18
E10593,Jennifer Wright,Female,36,IT,Senior,Bachelor's,2024-11-21,,Active,,104900.0,3,21,10.1,3.1,0.5,Onsite,29
E10594,Sandra Jones,Female,37,Engineering,Senior,Bachelor's,2021-09-21,,Active,,148900.0,3,2,5.4,2.7,1.2,Onsite,16
E10595,Gary Johnson,Male,26,Finance,Senior,Bachelor's,2024-08-05,,Active,,126600.0,2,9,14.1,3.9,1.8,Hybrid,27
E10596,Joseph Robinson,Male,38,Finance,Entry,Bachelor's,2019-05-01,,Active,,76800.0,3,14,3.3,3.5,38.2,Hybrid,26
E10597,Emily Lewis,Female,34,Customer Support,Senior,Master's,2020-12-18,,Active,,75000.0,2,3,15.2,2.9,2.4,Onsite,12
E10598,Nancy Jones,Female,34,HR,Entry,High School,2022-05-06,,Active,,58200.0,2,3,2.8,3.9,17.5,Onsite,14
E10599,Jessica Scott,Female,29,Sales,Associate,Bachelor's,2024-05-30,,Active,,79800.0,1,18,7.8,2.8,0.5,Remote,2
E10600,Larry Smith,Male,42,IT,Lead,Bachelor's,2022-09-21,2022-11-04,Terminated,Voluntary - Personal,133500.0,3,4,2.7,4.9,17.3,Onsite,7
E10601,Jacob Davis,Male,38,Operations,Senior,Bachelor's,2025-10-29,,Active,,83000.0,1,10,3.8,2.6,2.4,Onsite,17
E10602,Larry Harris,Male,50,IT,Lead,Bachelor's,2020-02-16,,Active,,148000.0,4,17,8.0,4.0,4.6,Onsite,17
E10603,Patricia Lewis,Female,27,Marketing,Entry,Associate Degree,2026-04-13,,Active,,56200.0,2,4,0.0,2.3,21.3,Onsite,22
E10604,Amy Sanchez,Female,36,Finance,Associate,Bachelor's,2020-10-31,,Active,,97800.0,1,23,5.6,2.8,2.9,Remote,25
E10605,Eric Robinson,Male,52,Engineering,Director,Bachelor's,2019-02-12,,Active,,260000.0,4,0,0.0,3.3,2.7,Hybrid,21
E10606,Michael Lewis,Male,28,Engineering,Entry,Master's,2021-02-09,2024-04-25,Terminated,Involuntary - Restructuring,87000.0,3,27,23.3,1.8,12.1,Hybrid,16
E10607,Sarah Hill,Female,29,Sales,Entry,Bachelor's,2022-06-02,2023-01-18,Terminated,Involuntary - Restructuring,61800.0,3,32,16.7,2.4,11.3,Hybrid,18
E10608,Kevin Allen,Male,28,Marketing,Lead,Bachelor's,2025-04-14,,Active,,119600.0,3,13,0.0,3.5,0.6,Remote,21
E10609,Ryan Walker,Male,43,IT,Lead,Bachelor's,2021-05-31,,Active,,146600.0,1,9,0.0,2.7,1.6,Remote,22
E10610,John Perez,Male,23,Customer Support,Associate,High School,2025-12-26,2026-05-08,Terminated,Involuntary - Restructuring,54900.0,3,8,16.4,3.4,2.2,Hybrid,19
E10611,Joseph Rodriguez,Male,27,Marketing,Senior,High School,2023-09-15,,Active,,108700.0,2,6,5.1,2.8,0.5,Onsite,24
E10612,Deborah Scott,Female,40,Engineering,Associate,Bachelor's,2023-10-16,,Active,,111400.0,4,34,6.2,4.0,5.7,Hybrid,4
E10613,Anthony King,Male,32,HR,Entry,Master's,2022-08-02,,Active,,54200.0,3,18,0.0,2.8,2.9,Hybrid,0
E10614,Sarah Johnson,Female,34,Engineering,Entry,Bachelor's,2021-12-25,,Active,,88600.0,3,7,4.1,2.3,0.5,Remote,26
E10615,Michael Allen,Male,43,Operations,Lead,Bachelor's,2023-03-28,,Active,,105300.0,3,6,11.3,2.7,0.5,Hybrid,19
E10616,Thomas Thompson,Male,30,Marketing,Entry,Master's,2026-02-06,,Active,,59000.0,3,6,9.1,2.2,14.1,Onsite,13
E10617,Jonathan Walker,Male,38,Sales,Associate,Bachelor's,2020-05-21,,Active,,88400.0,4,0,21.3,2.2,21.7,Hybrid,28
E10618,Donna Nguyen,Female,54,Finance,Director,Bachelor's,2019-05-15,,Active,,252300.0,3,13,6.0,3.0,8.8,Remote,17
E10619,Deborah Taylor,Female,44,Customer Support,Associate,Bachelor's,2020-04-25,,Active,,54200.0,2,4,11.1,3.1,12.1,Hybrid,25
E10620,Richard King,Male,42,Customer Support,Manager,Master's,2024-12-28,,Active,,105200.0,2,1,21.0,2.8,16.9,Onsite,11
E10621,Nicholas Taylor,Male,38,Operations,Director,Bachelor's,2024-08-18,,Active,,171300.0,2,24,12.8,4.2,1.7,Onsite,23
E10622,Brian Flores,Male,38,Marketing,Lead,PhD,2023-10-30,,Active,,124100.0,4,0,4.2,2.6,3.8,Onsite,2
E10623,Barbara Scott,Female,39,Customer Support,Lead,Associate Degree,2022-03-05,,Active,,85100.0,5,12,11.5,2.8,4.9,Remote,22
E10624,Amy King,Female,29,Operations,Senior,Bachelor's,2023-09-23,,Active,,79700.0,2,28,16.1,2.4,9.0,Hybrid,9
E10625,Kevin Perez,Male,25,Engineering,Senior,Master's,2025-12-17,,Active,,146900.0,4,8,10.6,3.3,0.5,Onsite,1
E10626,Paul Hernandez,Male,34,Customer Support,Entry,High School,2021-03-05,,Active,,43500.0,3,4,15.0,4.7,2.3,Onsite,12
E10627,Mark Thompson,Male,29,Operations,Associate,Master's,2026-02-21,,Active,,64800.0,2,6,11.7,2.0,2.0,Onsite,15
E10628,Steven Hernandez,Male,25,Customer Support,Entry,Bachelor's,2025-07-17,,Active,,40500.0,4,2,15.0,3.0,0.5,Onsite,15
E10629,Anthony Martin,Male,32,Engineering,Lead,High School,2023-03-15,,Active,,178800.0,2,5,5.9,3.5,13.4,Remote,28
E10630,Mary Flores,Female,21,Operations,Senior,High School,2026-04-15,,Active,,76500.0,3,4,11.3,3.1,9.8,Hybrid,18
E10631,Sharon Thomas,Female,49,Operations,Director,Bachelor's,2021-05-02,,Active,,168500.0,2,25,10.4,3.1,0.5,Onsite,3
E10632,Thomas Thomas,Male,27,Engineering,Associate,Master's,2023-02-20,,Active,,119500.0,3,42,5.7,2.9,4.3,Onsite,31
E10633,Larry Hernandez,Male,39,Customer Support,Manager,Master's,2023-02-06,,Active,,111900.0,3,12,15.2,4.2,1.5,Onsite,5
E10634,Daniel White,Male,33,Engineering,Entry,Master's,2020-05-19,,Active,,91700.0,2,37,5.3,3.6,8.3,Hybrid,37
E10635,William Smith,Male,38,Customer Support,Manager,Bachelor's,2023-02-20,,Active,,112700.0,3,6,18.5,2.8,3.9,Onsite,28
E10636,Robert Lee,Male,37,IT,Manager,Master's,2022-10-28,,Active,,175400.0,4,26,6.0,3.1,10.1,Remote,15
E10637,Elizabeth Walker,Female,23,IT,Associate,Master's,2025-12-28,,Active,,85900.0,3,8,11.0,3.2,14.5,Onsite,31
E10638,Anthony Thompson,Male,35,Customer Support,Associate,Bachelor's,2023-05-27,,Active,,56600.0,4,14,13.1,2.8,6.8,Hybrid,6
E10639,David Harris,Male,24,IT,Entry,Master's,2022-01-12,,Active,,72200.0,3,12,0.0,2.4,5.6,Onsite,17
E10640,Christopher Wright,Male,21,Finance,Associate,Master's,2025-08-19,,Active,,91100.0,3,9,14.4,3.1,0.8,Hybrid,19
E10641,Steven Hill,Male,32,Finance,Associate,Bachelor's,2023-01-31,,Active,,99400.0,2,10,3.2,4.4,18.5,Onsite,13
E10642,Michael Sanchez,Male,47,Engineering,Manager,Bachelor's,2019-07-04,,Active,,234400.0,2,26,9.9,2.9,1.0,Hybrid,9
E10643,Ashley Lewis,Female,41,Customer Support,Lead,Bachelor's,2025-06-07,2026-03-22,Terminated,Voluntary - Better Opportunity,80800.0,3,2,22.0,2.8,5.8,Remote,16
E10644,Linda Davis,Female,27,Engineering,Entry,Master's,2020-04-10,,Active,,87900.0,4,9,8.0,4.0,17.3,Hybrid,13
E10645,Stephen Ramirez,Male,33,Operations,Lead,PhD,2019-08-30,,Active,,104900.0,3,54,8.4,3.2,5.6,Remote,11
E10646,Sarah Garcia,Female,34,Operations,Entry,Bachelor's,2022-02-16,,Active,,48700.0,2,5,14.3,4.5,1.6,Hybrid,22
E10647,James Smith,Male,24,Operations,Entry,Associate Degree,2024-05-11,,Active,,46800.0,4,27,16.8,3.1,25.8,Hybrid,12
E10648,Brian Hernandez,Male,33,Customer Support,Associate,Bachelor's,2023-06-25,,Active,,55000.0,3,1,13.5,3.0,19.3,Hybrid,1
E10649,Patricia Gonzalez,Female,34,Sales,Senior,Bachelor's,2025-02-26,,Active,,107600.0,4,11,16.5,3.4,9.3,Onsite,0
E10650,Emily Martinez,Female,43,Customer Support,Lead,Bachelor's,2020-04-09,,Active,,89500.0,3,18,8.8,3.2,17.5,Hybrid,15
E10651,George Hernandez,Male,45,Sales,Director,Associate Degree,2019-09-11,,Active,,231300.0,2,5,16.6,2.8,12.8,Onsite,27
E10652,Michael Jones,Male,33,Sales,Senior,Bachelor's,2026-01-31,2026-03-14,Terminated,Involuntary - Performance,105900.0,2,6,11.2,3.2,29.8,Onsite,30
E10653,John Hernandez,Male,44,Sales,Manager,Bachelor's,2025-09-29,,Active,,155300.0,3,11,11.7,3.9,1.0,Hybrid,21
E10654,Edward Wilson,Male,29,Engineering,Associate,Master's,2020-12-09,,Active,,118000.0,3,3,10.5,4.0,27.9,Hybrid,12
E10655,Joseph Jackson,Male,38,Customer Support,Senior,Bachelor's,2020-11-01,,Active,,76600.0,4,41,23.0,2.9,4.7,Onsite,2
E10656,Susan Johnson,Female,47,Engineering,Senior,Associate Degree,2018-11-14,,Active,,149800.0,3,10,16.2,3.6,15.0,Onsite,30
E10657,Jennifer Lee,Female,23,HR,Associate,Bachelor's,2026-02-03,,Active,,70300.0,4,6,11.3,2.8,13.3,Onsite,33
E10658,Carol Taylor,Female,26,Customer Support,Associate,High School,2026-01-17,,Active,,53800.0,4,1,25.6,3.3,6.4,Remote,7
E10659,Jacob Allen,Male,46,Engineering,Senior,Bachelor's,2021-05-28,,Active,,150800.0,2,63,11.5,2.3,2.9,Onsite,24
E10660,Eric Thomas,Male,39,Engineering,Lead,Master's,2021-09-07,,Active,,179900.0,3,42,5.7,2.3,5.5,Remote,13
E10661,Patricia Thomas,Female,37,IT,Associate,PhD,2020-08-01,,Active,,87800.0,2,5,14.0,3.7,2.3,Remote,13
E10662,Ashley Lee,Female,38,IT,Senior,Master's,2023-05-15,,Active,,113600.0,3,15,10.9,3.6,2.2,Hybrid,10
E10663,Nancy Miller,Female,23,Engineering,Senior,PhD,2024-10-25,,Active,,139500.0,3,6,17.0,2.4,2.7,Remote,6
E10664,James Perez,Male,35,IT,Lead,PhD,2026-03-31,,Active,,128500.0,1,4,7.3,1.9,10.7,Hybrid,36
E10665,Amanda Flores,Female,35,Operations,Senior,Bachelor's,2023-05-18,,Active,,78600.0,3,22,13.7,3.5,11.2,Onsite,26
E10666,Richard Thomas,Male,40,Sales,Director,Master's,2022-05-16,,Active,,224200.0,2,17,21.2,1.7,3.3,Hybrid,15
E10667,Jacob Scott,Male,30,Customer Support,Associate,Bachelor's,2024-07-25,,Active,,54100.0,2,8,10.8,3.7,3.9,Remote,14
E10668,John Martinez,Male,31,Sales,Associate,Bachelor's,2023-11-03,2025-05-04,Terminated,Voluntary - Better Opportunity,83600.0,3,10,24.6,2.1,6.9,Remote,30
E10669,William Clark,Male,26,Marketing,Entry,PhD,2020-12-18,,Active,,61900.0,2,21,2.4,2.9,5.7,Hybrid,14
E10670,Carol Clark,Female,30,Engineering,Associate,Bachelor's,2019-10-10,,Active,,111900.0,1,3,9.0,3.8,2.1,Hybrid,19
E10671,Melissa Moore,Female,23,Operations,Associate,Bachelor's,2025-04-04,,Active,,61600.0,3,16,17.9,4.1,20.9,Onsite,0
E10672,Amy Young,Female,21,Sales,Associate,Master's,2025-02-17,2025-06-01,Terminated,Involuntary - Performance,78500.0,4,18,8.1,3.0,6.1,Onsite,10
E10673,Amanda Johnson,Female,33,Engineering,Senior,Associate Degree,2025-06-20,,Active,,139000.0,4,1,6.7,3.5,7.6,Onsite,28
E10674,Stephanie Nguyen,Female,31,Finance,Senior,Master's,2026-07-02,,Active,,113400.0,3,1,8.8,4.0,25.8,Hybrid,32
E10675,Nicholas White,Male,38,Sales,Entry,High School,2021-09-02,,Active,,66300.0,2,11,14.8,3.1,1.0,Hybrid,5
E10676,Michael Smith,Male,21,Engineering,Entry,Associate Degree,2025-10-17,,Active,,82800.0,3,1,13.0,3.2,7.5,Remote,20
E10677,Jeffrey Gonzalez,Male,26,Engineering,Entry,Bachelor's,2025-11-05,,Active,,83500.0,3,9,7.1,2.5,5.1,Onsite,28
E10678,Richard Clark,Male,38,Marketing,Entry,Master's,2018-09-15,,Active,,68000.0,4,4,7.3,2.2,10.7,Hybrid,18
E10679,David Jackson,Male,31,Sales,Associate,Bachelor's,2024-08-03,,Active,,85600.0,4,3,16.3,3.6,2.0,Hybrid,40
E10680,Jeffrey Scott,Male,29,Operations,Associate,Bachelor's,2026-01-29,2026-03-22,Terminated,Voluntary - Personal,62400.0,2,6,13.6,3.2,3.1,Onsite,35
E10681,Melissa Brown,Female,42,Operations,Senior,Bachelor's,2025-12-17,,Active,,77700.0,4,8,19.1,4.0,12.8,Onsite,27
E10682,Larry Robinson,Male,37,HR,Senior,PhD,2021-06-28,,Active,,100400.0,4,3,2.3,3.6,5.7,Onsite,31
E10683,Stephen Thompson,Male,35,Engineering,Entry,High School,2024-10-23,,Active,,86400.0,1,10,2.6,3.1,4.5,Onsite,11
E10684,Margaret King,Female,37,IT,Senior,Bachelor's,2019-01-01,,Active,,124300.0,3,4,21.1,3.0,17.0,Hybrid,24
E10685,Sarah Ramirez,Female,28,Customer Support,Senior,PhD,2026-02-12,2026-03-31,Terminated,Involuntary - Restructuring,67200.0,2,2,15.7,2.0,2.2,Hybrid,22
E10686,Donna Scott,Female,43,Sales,Senior,Master's,2019-04-07,,Active,,112200.0,4,10,18.4,3.1,19.6,Onsite,13
E10687,Elizabeth White,Female,35,Sales,Senior,Bachelor's,2025-01-17,,Active,,101600.0,3,1,9.8,3.2,0.9,Onsite,3
E10688,Stephanie Wright,Female,39,Marketing,Lead,PhD,2020-11-25,,Active,,126100.0,2,10,9.1,4.1,3.0,Hybrid,6
E10689,Patricia Miller,Female,41,Engineering,Lead,Master's,2022-03-05,,Active,,174000.0,3,23,5.9,4.5,1.7,Hybrid,51
E10690,Thomas King,Male,32,Engineering,Entry,High School,2019-07-22,,Active,,93900.0,2,19,12.1,2.0,4.7,Hybrid,26
E10691,Emily Hernandez,Female,26,Engineering,Associate,Bachelor's,2026-05-14,2026-06-16,Terminated,Involuntary - Restructuring,107200.0,2,3,10.2,1.3,3.0,Hybrid,17
E10692,Linda Martin,Female,32,Customer Support,Senior,Bachelor's,2024-04-11,2026-04-28,Terminated,Involuntary - Performance,67600.0,3,8,8.9,3.7,2.1,Onsite,22
E10693,Brian Harris,Male,26,Operations,Entry,Bachelor's,2021-01-14,,Active,,52800.0,2,10,22.8,2.9,0.8,Onsite,24
E10694,Amy Smith,Female,33,IT,Senior,Bachelor's,2023-06-15,,Active,,108400.0,1,30,7.5,1.9,0.5,Remote,25
E10695,Jonathan White,Male,28,Engineering,Associate,Bachelor's,2023-10-11,,Active,,116200.0,4,13,10.0,2.3,0.5,Remote,32
E10696,Jonathan Walker,Male,36,Operations,Senior,Master's,2026-03-06,,Active,,78300.0,1,5,9.9,3.4,23.9,Remote,14
E10697,Ronald Anderson,Male,33,Marketing,Senior,Bachelor's,2023-10-28,,Active,,104400.0,2,21,1.4,3.8,7.0,Onsite,3
E10698,Thomas King,Male,28,Operations,Associate,Bachelor's,2025-01-26,2025-08-26,Terminated,Voluntary - Better Opportunity,61700.0,4,2,18.8,3.4,8.3,Remote,16
E10699,Brian Thompson,Male,37,Customer Support,Lead,Master's,2023-12-07,,Active,,83700.0,3,13,7.0,2.5,3.7,Onsite,22
E10700,Sharon Hernandez,Female,25,Customer Support,Associate,Master's,2020-12-03,2023-12-15,Terminated,Voluntary - Better Opportunity,56500.0,3,27,22.0,2.5,6.9,Onsite,19
E10701,Robert Wright,Male,27,Engineering,Associate,Associate Degree,2025-05-30,,Active,,108700.0,4,15,11.3,3.7,6.2,Onsite,0
E10702,George Ramirez,Male,23,Customer Support,Associate,Bachelor's,2025-06-14,,Active,,54500.0,2,14,11.3,2.2,1.3,Hybrid,0
E10703,Lisa White,Female,39,Sales,Associate,Bachelor's,2019-12-21,,Active,,82300.0,2,7,10.0,3.7,14.4,Onsite,6
E10704,Patricia Gonzalez,Female,32,Customer Support,Senior,Master's,2021-05-20,,Active,,70700.0,4,28,16.9,2.8,14.0,Onsite,3
E10705,Joseph Lee,Male,27,Sales,Associate,PhD,2022-12-30,2024-01-07,Terminated,Voluntary - Better Opportunity,88400.0,1,5,14.6,3.8,7.3,Onsite,35
E10706,Larry Robinson,Male,43,Operations,Lead,Master's,2020-02-20,,Active,,110200.0,3,0,14.5,3.1,2.1,Hybrid,24
E10707,Amy Brown,Female,38,Sales,Lead,Bachelor's,2019-09-09,,Active,,131200.0,5,3,10.0,3.0,3.5,Onsite,13
E10708,Steven Lewis,Male,30,Engineering,Lead,Associate Degree,2023-08-03,,Active,,172200.0,2,5,2.5,2.8,8.6,Remote,17
E10709,Larry Lopez,Male,47,Engineering,Associate,Associate Degree,2020-07-24,,Active,,116000.0,3,30,10.2,2.2,4.5,Onsite,29
E10710,Sandra Williams,Female,43,Engineering,Manager,Master's,2026-01-11,2026-04-19,Terminated,Voluntary - Personal,200700.0,4,7,8.4,3.7,12.4,Onsite,23
E10711,Ryan Johnson,Male,38,Operations,Senior,High School,2021-01-14,,Active,,88500.0,2,49,14.1,3.3,9.2,Hybrid,27
E10712,Daniel Martin,Male,27,Sales,Entry,Bachelor's,2024-04-11,,Active,,62300.0,4,4,9.5,4.6,7.9,Onsite,11
E10713,Laura Nguyen,Female,35,IT,Associate,Associate Degree,2020-11-02,,Active,,91100.0,2,29,16.3,2.5,4.3,Hybrid,13
E10714,Sharon Martinez,Female,33,Engineering,Entry,Bachelor's,2024-11-26,,Active,,80200.0,2,21,10.9,3.0,0.5,Remote,27
E10715,Mark Jackson,Male,41,Customer Support,Lead,High School,2022-07-06,,Active,,89500.0,3,9,18.2,2.0,6.0,Onsite,26
E10716,Anthony Hill,Male,47,IT,Lead,Bachelor's,2020-03-13,,Active,,147900.0,2,10,3.5,2.5,23.8,Hybrid,19
E10717,Laura Young,Female,27,Engineering,Entry,Master's,2021-08-30,,Active,,86100.0,3,14,6.5,4.4,2.2,Hybrid,21
E10718,Nancy White,Female,21,Finance,Entry,Bachelor's,2025-04-10,,Active,,67200.0,2,5,11.3,2.4,3.6,Onsite,8
E10719,James Taylor,Male,49,Operations,Manager,Bachelor's,2019-11-01,,Active,,124400.0,3,83,14.1,3.5,17.8,Hybrid,9
E10720,Eric Davis,Male,36,Sales,Associate,Master's,2020-08-26,,Active,,87200.0,2,3,14.2,3.1,6.1,Remote,9
E10721,Lisa Martinez,Female,28,Sales,Entry,Bachelor's,2021-07-29,2025-06-25,Terminated,Voluntary - Better Opportunity,62400.0,3,43,23.1,3.3,60.0,Hybrid,19
E10722,Lisa Davis,Female,21,Marketing,Associate,Master's,2024-07-26,2025-08-02,Terminated,Voluntary - Better Opportunity,75000.0,3,12,9.9,4.1,2.5,Onsite,12
E10723,Jason Lee,Male,33,Sales,Associate,Bachelor's,2025-01-07,2026-05-07,Terminated,Voluntary - Better Opportunity,79700.0,2,19,16.8,2.5,10.4,Remote,43
E10724,Lisa Allen,Female,32,Operations,Senior,PhD,2023-10-09,,Active,,79000.0,3,3,10.4,3.2,21.9,Remote,14
E10725,Ashley Thomas,Female,55,Engineering,Director,Associate Degree,2019-05-03,,Active,,260000.0,4,6,8.7,3.6,4.7,Remote,4
E10726,George Davis,Male,31,Operations,Lead,Master's,2025-05-10,,Active,,98800.0,3,15,11.1,3.8,14.6,Remote,14
E10727,Anthony Harris,Male,37,Customer Support,Senior,Associate Degree,2021-01-02,2025-03-10,Terminated,Involuntary - Performance,78900.0,2,24,11.8,2.2,16.2,Hybrid,20
E10728,John Wilson,Male,40,Customer Support,Entry,Bachelor's,2018-12-09,,Active,,44300.0,2,5,14.4,2.7,20.8,Remote,19
E10729,Thomas Scott,Male,40,Sales,Senior,Bachelor's,2019-07-23,,Active,,117900.0,1,10,14.0,4.3,10.5,Hybrid,48
E10730,Michelle Jones,Female,30,HR,Senior,Bachelor's,2025-05-31,,Active,,86200.0,4,15,0.0,4.4,6.1,Onsite,28
E10731,Thomas Miller,Male,23,Operations,Associate,High School,2023-07-20,,Active,,63000.0,3,37,16.0,3.4,1.4,Hybrid,8
E10732,Robert Davis,Male,43,Sales,Lead,Bachelor's,2019-09-08,2022-07-31,Terminated,Involuntary - Performance,139600.0,4,2,14.6,3.4,12.0,Onsite,21
E10733,Susan Perez,Female,42,Engineering,Manager,Bachelor's,2020-01-31,,Active,,232400.0,4,25,0.3,2.6,0.5,Hybrid,18
E10734,Sandra Brown,Female,41,Customer Support,Director,Bachelor's,2024-05-19,,Active,,148600.0,2,13,21.5,3.4,3.2,Remote,14
E10735,Linda Allen,Female,38,IT,Senior,High School,2021-08-20,2022-06-09,Terminated,Voluntary - Better Opportunity,116600.0,2,5,7.8,3.0,0.7,Hybrid,0
E10736,Ronald Walker,Male,35,HR,Lead,Bachelor's,2021-08-07,,Active,,119400.0,3,51,4.3,2.8,1.1,Hybrid,26
E10737,Melissa Moore,Female,52,Sales,Director,Bachelor's,2021-02-06,,Active,,230000.0,3,0,23.4,2.8,7.8,Remote,35
E10738,Edward Miller,Male,44,Engineering,Manager,Bachelor's,2019-06-05,,Active,,221200.0,3,16,22.3,2.9,10.1,Remote,33
E10739,Steven Perez,Male,26,Customer Support,Entry,High School,2025-07-28,,Active,,41800.0,3,13,16.3,2.5,28.9,Hybrid,2
E10740,Lisa Lewis,Female,32,Engineering,Senior,Associate Degree,2025-03-23,,Active,,134000.0,2,17,7.3,2.4,4.4,Remote,15
E10741,Gary Johnson,Male,40,IT,Manager,Associate Degree,2024-05-20,,Active,,161600.0,3,24,1.7,3.9,4.1,Onsite,20
E10742,Steven Flores,Male,28,Engineering,Entry,Bachelor's,2025-06-03,,Active,,83700.0,2,1,11.7,3.7,6.9,Hybrid,16
E10743,Mary Martin,Female,37,Marketing,Associate,Bachelor's,2019-11-23,,Active,,76400.0,4,9,13.2,2.0,6.6,Onsite,25
E10744,Melissa Thompson,Female,42,Sales,Senior,High School,2021-02-08,,Active,,103800.0,2,9,27.1,3.5,10.8,Remote,0
E10745,Brian Taylor,Male,26,Engineering,Entry,Master's,2019-04-11,,Active,,91300.0,2,3,0.3,3.1,18.9,Onsite,13
E10746,Karen Perez,Female,40,Engineering,Senior,Master's,2018-09-28,,Active,,160100.0,2,2,5.9,2.5,7.2,Onsite,27
E10747,Kimberly Wright,Female,31,Finance,Associate,Master's,2020-05-16,,Active,,100300.0,2,13,10.8,2.5,17.5,Hybrid,6
E10748,William Williams,Male,40,Engineering,Associate,Bachelor's,2024-10-20,,Active,,109000.0,3,10,9.4,2.8,16.6,Hybrid,27
E10749,Gary Ramirez,Male,46,Finance,Manager,PhD,2019-01-23,,Active,,195400.0,3,11,4.9,3.1,2.6,Hybrid,18
E10750,Laura Clark,Female,47,HR,Director,Master's,2023-01-08,,Active,,190800.0,2,23,4.7,1.7,0.5,Hybrid,14
E10751,Anthony Moore,Male,25,Sales,Associate,Bachelor's,2025-04-12,2025-11-17,Terminated,Involuntary - Performance,85000.0,2,13,11.1,2.7,15.3,Hybrid,20
E10752,Jennifer Allen,Female,21,Sales,Entry,Master's,2025-12-11,,Active,,58200.0,2,8,18.6,1.7,3.0,Onsite,17
E10753,Paul Clark,Male,48,Operations,Manager,Bachelor's,2022-10-30,2023-11-15,Terminated,Voluntary - Personal,123000.0,4,37,10.9,3.4,2.5,Remote,4
E10754,Jacob Sanchez,Male,27,IT,Associate,Associate Degree,2023-06-24,,Active,,85100.0,2,2,9.6,2.7,1.0,Hybrid,19
E10755,Stephen Smith,Male,33,Sales,Associate,Master's,2021-01-05,,Active,,88000.0,2,2,10.2,2.9,2.7,Remote,10
E10756,Jennifer Lewis,Female,30,Engineering,Senior,Bachelor's,2025-04-12,,Active,,139300.0,2,7,14.2,2.7,6.2,Remote,12
E10757,James Brown,Male,31,Operations,Associate,Associate Degree,2020-07-28,2022-06-19,Terminated,Involuntary - Performance,72100.0,2,11,12.1,3.0,7.5,Remote,23
E10758,Ashley Hernandez,Female,38,Sales,Lead,Associate Degree,2019-02-18,,Active,,132200.0,2,19,23.3,2.4,23.4,Hybrid,37
E10759,Amanda Taylor,Female,28,IT,Associate,Associate Degree,2022-11-10,,Active,,89800.0,3,3,0.4,3.1,4.4,Hybrid,23
E10760,Christopher Young,Male,31,Sales,Senior,Bachelor's,2020-08-28,,Active,,114200.0,3,24,15.9,3.6,9.2,Onsite,20
E10761,David Gonzalez,Male,33,HR,Senior,Bachelor's,2025-01-09,,Active,,96100.0,2,9,14.6,3.1,12.8,Hybrid,25
E10762,Anthony Lee,Male,30,Sales,Associate,Master's,2020-09-27,,Active,,90800.0,2,4,18.5,2.9,13.4,Hybrid,6
E10763,Brian Gonzalez,Male,35,Sales,Associate,Bachelor's,2019-06-28,2024-09-27,Terminated,Involuntary - Restructuring,91600.0,2,3,15.2,1.5,2.9,Onsite,25
E10764,Susan Hill,Female,32,Sales,Senior,Bachelor's,2021-01-07,,Active,,113100.0,3,4,12.8,3.1,12.5,Onsite,14
E10765,Margaret Brown,Female,23,Operations,Associate,Bachelor's,2022-01-14,,Active,,62700.0,3,5,7.5,2.4,6.0,Onsite,20
E10766,Joseph Nguyen,Male,42,Sales,Senior,Master's,2020-03-09,2021-04-06,Terminated,Voluntary - Personal,116900.0,2,12,19.9,2.3,16.0,Hybrid,8
E10767,Barbara Clark,Female,32,Sales,Senior,Bachelor's,2022-07-05,2023-02-05,Terminated,Involuntary - Restructuring,108300.0,2,13,20.0,2.6,1.2,Onsite,28
E10768,Paul Moore,Male,46,Operations,Manager,Master's,2025-10-13,,Active,,122400.0,4,10,5.3,2.7,25.2,Remote,22
E10769,Nicholas King,Male,32,Engineering,Lead,Bachelor's,2023-11-09,,Active,,180400.0,3,15,6.2,2.8,12.3,Onsite,25
E10770,Betty Allen,Female,39,Operations,Associate,Associate Degree,2020-11-16,,Active,,66700.0,3,39,11.2,2.3,1.6,Hybrid,14
E10771,Laura Wilson,Female,38,Engineering,Associate,Master's,2020-07-02,,Active,,111000.0,3,37,4.6,3.4,20.1,Hybrid,21
E10772,Barbara Martin,Female,35,Engineering,Entry,Bachelor's,2021-07-28,,Active,,84600.0,2,61,0.6,2.7,10.9,Onsite,25
E10773,Gary Lopez,Male,31,Marketing,Senior,Associate Degree,2026-04-16,,Active,,96400.0,4,4,11.0,3.2,2.2,Onsite,17
E10774,Larry King,Male,31,HR,Entry,Bachelor's,2020-09-09,,Active,,58800.0,2,2,7.5,3.2,14.5,Onsite,19
E10775,James Taylor,Male,26,IT,Associate,Bachelor's,2025-02-24,,Active,,85900.0,3,13,13.1,3.8,3.4,Onsite,18
E10776,Susan Brown,Female,36,Finance,Senior,Bachelor's,2022-02-04,2022-04-14,Terminated,Involuntary - Performance,121100.0,2,28,7.3,2.8,0.5,Onsite,22
E10777,Lisa Thomas,Female,35,Finance,Entry,Associate Degree,2021-06-04,,Active,,74100.0,3,54,2.9,4.2,8.6,Onsite,16
E10778,Steven King,Male,34,Sales,Entry,Bachelor's,2021-08-17,,Active,,64200.0,3,22,22.6,1.8,13.9,Remote,16
E10779,Edward Lewis,Male,25,Sales,Entry,Bachelor's,2022-07-22,2023-06-16,Terminated,Involuntary - Restructuring,64700.0,4,23,22.1,2.4,20.1,Hybrid,25
E10780,Laura Sanchez,Female,26,Engineering,Entry,Bachelor's,2021-11-05,,Active,,89200.0,2,21,5.8,2.5,10.9,Onsite,15
E10781,Robert King,Male,31,Customer Support,Associate,Bachelor's,2024-06-16,,Active,,55000.0,3,5,10.3,3.1,9.5,Onsite,17
E10782,Ryan King,Male,36,Engineering,Senior,Bachelor's,2020-04-21,2020-10-27,Terminated,Involuntary - Performance,154900.0,5,4,2.9,3.7,2.8,Remote,46
E10783,David Garcia,Male,21,Finance,Entry,Bachelor's,2025-12-14,,Active,,72400.0,2,1,6.1,4.0,10.7,Hybrid,18
E10784,Mark Thomas,Male,31,HR,Associate,Bachelor's,2019-12-05,,Active,,76500.0,3,13,3.1,4.0,15.0,Hybrid,20
E10785,Cynthia Harris,Female,26,IT,Associate,Bachelor's,2024-09-25,2025-06-28,Terminated,Voluntary - Personal,82600.0,3,13,7.6,2.7,7.5,Onsite,29
E10786,Laura Wilson,Female,28,Engineering,Associate,High School,2025-08-17,,Active,,104800.0,3,8,0.5,2.5,9.5,Hybrid,39
E10787,William Young,Male,35,Operations,Senior,Associate Degree,2018-10-31,,Active,,88700.0,3,13,10.2,2.1,1.6,Hybrid,17
E10788,Sharon Nguyen,Female,41,Operations,Manager,Master's,2023-10-20,,Active,,116300.0,2,9,9.4,3.3,1.2,Onsite,22
E10789,Jeffrey Young,Male,50,Marketing,Director,Bachelor's,2023-02-08,,Active,,211800.0,3,4,11.5,3.3,16.2,Remote,3
E10790,Daniel Walker,Male,28,Customer Support,Senior,Master's,2026-02-10,2026-07-23,Terminated,Voluntary - Better Opportunity,71000.0,3,6,13.9,2.2,15.5,Hybrid,34
E10791,Nancy Brown,Female,21,Engineering,Entry,Bachelor's,2025-09-28,,Active,,81600.0,2,6,10.0,3.3,4.5,Remote,14
E10792,Nicholas Sanchez,Male,34,Operations,Entry,Bachelor's,2021-05-24,2022-06-04,Terminated,Involuntary - Performance,50300.0,4,4,2.6,4.0,4.2,Remote,13
E10793,Michelle Johnson,Female,21,IT,Entry,Master's,2022-07-13,2022-09-14,Terminated,Voluntary - Better Opportunity,65000.0,3,24,10.6,3.7,14.3,Hybrid,21
E10794,John Miller,Male,28,Sales,Senior,Bachelor's,2025-02-10,,Active,,103600.0,5,2,23.5,3.4,0.9,Onsite,20
E10795,Amy Hill,Female,45,Customer Support,Manager,Bachelor's,2025-04-10,,Active,,101400.0,3,3,11.1,3.3,1.1,Remote,13
E10796,Stephanie Lee,Female,33,HR,Lead,Master's,2026-06-29,,Active,,105700.0,2,1,7.1,3.0,8.2,Remote,16
E10797,Gary Anderson,Male,38,Customer Support,Associate,Master's,2020-01-06,2024-04-09,Terminated,Voluntary - Relocation,58200.0,2,7,19.5,2.4,7.4,Onsite,16
E10798,Jennifer Robinson,Female,35,Customer Support,Senior,Master's,2021-04-01,2022-12-02,Terminated,Involuntary - Restructuring,69500.0,4,23,9.5,2.9,0.7,Onsite,0
E10799,Michael Martinez,Male,30,HR,Entry,Bachelor's,2020-07-18,,Active,,53100.0,4,0,0.0,4.0,0.6,Remote,12
E10800,Ashley Wilson,Female,40,Engineering,Senior,Bachelor's,2021-07-24,,Active,,144900.0,3,16,9.1,2.7,0.9,Remote,24
E10801,Nancy Thompson,Female,25,Sales,Entry,PhD,2018-09-05,2022-03-11,Terminated,Voluntary - Better Opportunity,66200.0,2,12,8.6,3.2,25.5,Onsite,18
E10802,Anthony Clark,Male,46,Operations,Manager,Bachelor's,2018-12-04,,Active,,135300.0,4,2,11.0,3.3,5.2,Hybrid,21
E10803,Mary Lopez,Female,37,Sales,Associate,Associate Degree,2020-07-21,,Active,,85600.0,3,25,16.4,2.1,37.3,Onsite,12
E10804,Laura Jackson,Female,31,Customer Support,Associate,Associate Degree,2022-09-21,,Active,,58600.0,2,1,21.7,2.5,3.9,Onsite,15
E10805,Thomas Young,Male,36,Operations,Senior,Master's,2020-09-22,2022-07-24,Terminated,Involuntary - Restructuring,93300.0,4,8,8.6,2.9,6.0,Onsite,17
E10806,Rebecca Martinez,Female,34,Customer Support,Associate,High School,2021-03-28,,Active,,55900.0,3,19,19.4,2.7,1.2,Hybrid,17
E10807,Nancy Jackson,Female,27,Sales,Entry,Bachelor's,2021-05-10,,Active,,62000.0,4,17,14.8,4.5,1.6,Remote,17
E10808,Jonathan Rodriguez,Male,26,Sales,Associate,High School,2023-09-19,2024-06-19,Terminated,Voluntary - Better Opportunity,81200.0,3,29,24.1,3.2,7.2,Onsite,25
E10809,Stephen Thomas,Male,37,Sales,Senior,PhD,2023-07-09,,Active,,111500.0,2,16,17.4,2.2,1.9,Remote,4
E10810,Ashley Ramirez,Female,33,Finance,Associate,Bachelor's,2023-12-14,,Active,,84200.0,3,0,6.7,3.5,10.3,Remote,19
E10811,Elizabeth Taylor,Female,25,Operations,Associate,Bachelor's,2022-05-04,,Active,,64100.0,3,8,21.0,3.3,19.8,Hybrid,17
E10812,Rebecca Rodriguez,Female,26,Marketing,Entry,Master's,2024-08-17,,Active,,55900.0,3,8,10.3,3.9,15.4,Hybrid,32
E10813,Stephanie Hernandez,Female,33,Engineering,Associate,Associate Degree,2019-09-01,,Active,,115600.0,4,4,9.4,3.0,2.2,Hybrid,9
E10814,Betty Brown,Female,33,Marketing,Lead,Associate Degree,2024-02-20,,Active,,119000.0,2,4,10.3,2.9,8.4,Hybrid,31
E10815,Ronald Rodriguez,Male,31,HR,Associate,Bachelor's,2025-10-03,,Active,,68800.0,2,10,3.3,3.2,1.0,Hybrid,40
E10816,John Young,Male,40,Engineering,Entry,Bachelor's,2019-05-17,2025-03-28,Terminated,Involuntary - Restructuring,94100.0,2,6,6.5,2.3,28.1,Onsite,16
E10817,Linda Wilson,Female,35,Sales,Entry,PhD,2020-05-04,,Active,,65100.0,2,2,6.5,4.2,5.4,Onsite,6
E10818,Sarah Clark,Female,28,Marketing,Associate,Master's,2025-06-08,,Active,,77400.0,2,11,9.4,3.3,34.7,Hybrid,11
E10819,Barbara Anderson,Female,36,Sales,Senior,PhD,2021-07-06,,Active,,104600.0,3,20,14.5,3.1,34.8,Hybrid,45
E10820,Anthony Wilson,Male,29,Operations,Senior,Associate Degree,2026-02-25,,Active,,79400.0,3,0,15.5,3.2,5.5,Remote,28
E10821,Larry Wright,Male,32,Engineering,Entry,Bachelor's,2018-09-16,,Active,,86900.0,4,21,22.8,2.4,11.3,Hybrid,9
E10822,Amy Miller,Female,38,HR,Manager,Associate Degree,2025-10-13,,Active,,130600.0,3,10,5.8,3.3,4.9,Hybrid,16
E10823,Jonathan Harris,Male,25,Finance,Entry,Bachelor's,2022-12-12,,Active,,70600.0,3,2,10.7,4.2,2.1,Hybrid,8
E10824,Larry Nguyen,Male,30,Customer Support,Lead,Master's,2024-02-29,,Active,,87400.0,4,30,12.0,1.8,2.0,Hybrid,8
E10825,Jessica Perez,Female,25,Engineering,Entry,Master's,2025-05-23,,Active,,76100.0,3,4,2.8,3.5,3.1,Onsite,33
E10826,Amy Davis,Female,21,Sales,Entry,High School,2023-10-29,,Active,,62900.0,2,2,15.0,1.7,3.5,Onsite,31
E10827,Melissa Rodriguez,Female,48,Operations,Director,Associate Degree,2023-07-08,,Active,,161700.0,3,15,0.8,3.6,5.5,Hybrid,2
E10828,Jacob Smith,Male,37,IT,Senior,Master's,2023-03-28,,Active,,119900.0,4,24,0.0,3.1,13.2,Hybrid,9
E10829,Nicholas Thompson,Male,42,HR,Lead,Bachelor's,2023-01-26,,Active,,120600.0,2,41,13.5,3.0,7.1,Remote,14
E10830,Donna Jackson,Female,33,Customer Support,Associate,Bachelor's,2024-02-05,,Active,,54700.0,3,18,27.2,3.2,6.4,Hybrid,22
E10831,Jessica Moore,Female,28,HR,Entry,PhD,2021-11-13,,Active,,55600.0,3,35,12.4,3.5,6.8,Onsite,19
E10832,Jason Hernandez,Male,30,Operations,Associate,Bachelor's,2021-07-15,2023-03-03,Terminated,Involuntary - Performance,68200.0,4,8,10.3,2.9,24.7,Hybrid,18
E10833,Mark Brown,Male,36,Marketing,Senior,PhD,2021-04-10,2024-12-10,Terminated,Voluntary - Personal,108600.0,3,2,5.3,2.2,3.7,Onsite,27
E10834,Daniel Taylor,Male,26,Engineering,Associate,Master's,2026-03-27,,Active,,112700.0,2,5,5.4,3.3,1.5,Hybrid,24
E10835,Paul Jones,Male,40,Finance,Entry,Bachelor's,2019-08-19,,Active,,71100.0,3,12,8.7,2.9,1.9,Hybrid,46
E10836,David Moore,Male,21,Customer Support,Entry,Master's,2025-07-31,2025-12-06,Terminated,Involuntary - Performance,41600.0,3,13,19.3,3.1,29.1,Hybrid,15
E10837,Barbara Ramirez,Female,31,Engineering,Associate,Bachelor's,2023-10-14,,Active,,103000.0,3,17,9.0,3.4,17.1,Remote,30
E10838,Steven Thomas,Male,22,Sales,Associate,Bachelor's,2022-02-23,,Active,,85800.0,3,4,15.8,2.7,3.1,Hybrid,33
E10839,Barbara Wright,Female,45,Engineering,Director,Bachelor's,2021-08-07,,Active,,260000.0,2,23,8.2,2.5,13.1,Hybrid,24
E10840,George King,Male,35,Operations,Senior,Bachelor's,2022-10-17,2025-11-11,Terminated,Involuntary - Performance,88500.0,4,25,13.0,3.0,8.2,Hybrid,16
E10841,Laura Nguyen,Female,45,Customer Support,Manager,Master's,2020-05-02,,Active,,110900.0,3,6,14.8,3.1,2.5,Remote,31
E10842,Donna King,Female,28,IT,Associate,Master's,2021-01-21,,Active,,87100.0,3,1,6.6,3.2,5.6,Onsite,31
E10843,Stephen White,Male,35,Sales,Lead,Bachelor's,2021-01-07,2022-06-16,Terminated,Voluntary - Better Opportunity,132900.0,1,31,12.1,1.9,0.5,Hybrid,38
E10844,Patricia Martinez,Female,40,Customer Support,Senior,Bachelor's,2020-12-10,,Active,,74100.0,5,48,13.4,2.6,10.5,Remote,31
E10845,Jeffrey Young,Male,36,Customer Support,Associate,Master's,2024-04-06,,Active,,55100.0,3,6,7.6,3.2,13.3,Hybrid,19
E10846,Joseph Martinez,Male,32,Customer Support,Senior,Bachelor's,2021-02-20,,Active,,81100.0,2,27,21.3,3.1,18.2,Remote,23
E10847,Jacob Moore,Male,30,Engineering,Associate,Master's,2019-12-15,,Active,,121500.0,4,43,7.9,2.5,3.2,Onsite,30
E10848,Kimberly Moore,Female,45,Operations,Manager,Master's,2020-08-01,,Active,,121000.0,4,3,8.9,3.9,1.0,Onsite,38
E10849,George Martin,Male,37,Engineering,Associate,Bachelor's,2023-08-05,,Active,,114400.0,4,9,14.0,1.0,11.4,Onsite,19
E10850,Deborah Torres,Female,29,Customer Support,Entry,PhD,2024-08-28,,Active,,41600.0,4,24,21.0,3.0,8.1,Remote,13
E10851,Linda Taylor,Female,31,Engineering,Lead,Bachelor's,2026-05-21,,Active,,159900.0,3,3,4.2,3.6,8.3,Onsite,3
E10852,Nancy Wright,Female,52,IT,Lead,Bachelor's,2022-01-23,,Active,,128700.0,1,2,11.5,2.9,0.7,Hybrid,13
E10853,David Anderson,Male,37,IT,Senior,Bachelor's,2020-03-19,,Active,,118900.0,2,2,11.0,2.6,14.6,Hybrid,13
E10854,Ronald King,Male,23,Marketing,Entry,Master's,2023-09-01,,Active,,59200.0,3,36,6.5,4.3,10.9,Onsite,3
E10855,Eric Jackson,Male,29,Engineering,Associate,Bachelor's,2019-12-10,,Active,,123600.0,3,22,11.6,2.4,13.0,Hybrid,17
E10856,Kevin Davis,Male,44,Sales,Manager,Master's,2021-11-02,2023-03-10,Terminated,Voluntary - Better Opportunity,165500.0,4,3,8.3,4.0,1.7,Hybrid,16
E10857,Kimberly Scott,Female,35,Operations,Senior,Bachelor's,2026-06-18,,Active,,81500.0,3,2,4.9,3.6,9.4,Hybrid,0
E10858,Lisa Young,Female,34,Sales,Entry,Bachelor's,2023-01-16,,Active,,61600.0,3,5,15.5,3.9,0.7,Onsite,3
E10859,Sarah Smith,Female,43,Customer Support,Senior,High School,2024-09-16,2024-12-07,Terminated,Involuntary - Performance,70700.0,4,0,29.0,2.3,16.5,Hybrid,35
E10860,Larry King,Male,37,HR,Senior,Master's,2022-04-24,,Active,,98000.0,2,8,8.8,3.7,3.0,Hybrid,35
E10861,Carol Robinson,Female,37,Marketing,Senior,Associate Degree,2025-05-01,2025-11-11,Terminated,Voluntary - Better Opportunity,94800.0,2,16,5.3,2.3,3.9,Hybrid,21
E10862,Steven Hill,Male,29,Operations,Senior,Bachelor's,2024-05-15,,Active,,83900.0,4,22,21.1,3.3,2.8,Remote,9
E10863,Sarah Harris,Female,34,Marketing,Senior,Bachelor's,2022-05-18,,Active,,96400.0,3,9,6.4,2.3,3.5,Remote,22
E10864,Nicholas Brown,Male,23,Engineering,Entry,Master's,2025-08-05,2026-07-16,Terminated,Involuntary - Restructuring,86700.0,2,12,10.4,3.3,4.4,Onsite,18
E10865,Thomas Smith,Male,36,Marketing,Senior,Master's,2025-10-28,,Active,,100500.0,4,1,2.1,3.9,3.9,Remote,28
E10866,James Scott,Male,44,IT,Manager,Bachelor's,2019-05-28,,Active,,177000.0,5,10,3.4,3.8,5.5,Remote,5
E10867,Melissa Lewis,Female,26,Engineering,Entry,Bachelor's,2021-06-30,,Active,,81100.0,3,59,5.3,3.1,6.5,Hybrid,0
E10868,Melissa Davis,Female,27,Marketing,Entry,Master's,2024-05-09,2026-02-21,Terminated,Voluntary - Better Opportunity,58600.0,3,17,7.2,3.2,21.2,Onsite,20
E10869,Jacob Wright,Male,31,Marketing,Associate,Bachelor's,2024-12-02,,Active,,78600.0,2,6,0.0,2.4,1.0,Hybrid,30
E10870,Steven Allen,Male,29,HR,Entry,Bachelor's,2020-06-12,,Active,,61400.0,4,29,2.8,3.4,0.5,Hybrid,2
E10871,Richard Harris,Male,43,Marketing,Lead,Bachelor's,2019-05-11,,Active,,126300.0,4,6,5.3,3.2,6.2,Hybrid,31
E10872,Patricia Walker,Female,28,Operations,Entry,Master's,2024-12-26,2025-10-23,Terminated,Involuntary - Performance,46900.0,3,1,14.2,2.9,17.6,Hybrid,25
E10873,Richard Wright,Male,41,Sales,Senior,Master's,2021-03-19,,Active,,112500.0,3,8,1.5,3.4,22.5,Onsite,21
E10874,Ashley Jackson,Female,22,IT,Entry,Master's,2019-03-24,,Active,,72400.0,3,29,13.2,2.9,17.7,Remote,24
E10875,Larry Thompson,Male,38,Operations,Senior,Bachelor's,2026-03-27,,Active,,85400.0,3,5,14.5,2.7,17.2,Remote,18
E10876,Linda Rodriguez,Female,30,Engineering,Senior,Bachelor's,2024-05-02,2025-08-27,Terminated,Voluntary - Relocation,144700.0,2,28,6.9,2.8,16.5,Hybrid,20
E10877,Sarah Brown,Female,27,Engineering,Associate,Master's,2026-02-23,,Active,,101100.0,3,0,1.3,3.4,5.8,Hybrid,9
E10878,Mark Robinson,Male,34,Customer Support,Senior,PhD,2025-06-05,2025-10-28,Terminated,Involuntary - Performance,68600.0,4,11,23.0,1.7,1.2,Hybrid,32
E10879,Karen Jackson,Female,33,Operations,Lead,Bachelor's,2024-02-21,2024-11-22,Terminated,Voluntary - Relocation,96800.0,2,30,19.7,2.4,5.7,Onsite,24
E10880,Jonathan Lewis,Male,40,HR,Senior,Master's,2019-03-29,,Active,,106700.0,2,42,0.9,2.9,3.6,Onsite,22
E10881,Karen Anderson,Female,34,Marketing,Associate,Bachelor's,2025-06-06,,Active,,72100.0,1,14,9.6,3.0,8.4,Hybrid,12
E10882,Rebecca King,Female,40,Finance,Entry,Bachelor's,2021-06-19,,Active,,68600.0,3,22,0.0,3.6,2.5,Onsite,12
E10883,Daniel Scott,Male,36,Operations,Senior,Bachelor's,2025-09-15,,Active,,78500.0,2,11,20.1,2.7,4.1,Hybrid,23
E10884,Michelle Martin,Female,49,Engineering,Lead,Bachelor's,2025-09-02,,Active,,168600.0,4,5,12.1,3.9,11.7,Hybrid,20
E10885,Christopher Young,Male,38,IT,Senior,Associate Degree,2023-06-15,,Active,,114700.0,3,27,10.0,3.9,18.6,Onsite,18
E10886,Michelle King,Female,38,Customer Support,Senior,Bachelor's,2018-11-19,,Active,,75300.0,4,0,10.7,4.1,15.0,Hybrid,27
E10887,Jeffrey Davis,Male,22,Operations,Entry,High School,2022-05-14,2026-06-09,Terminated,Voluntary - Personal,50800.0,3,2,4.4,4.7,1.5,Hybrid,24
E10888,Ryan Rodriguez,Male,41,Engineering,Lead,Master's,2021-03-28,,Active,,183400.0,4,65,1.0,3.0,5.8,Hybrid,8
E10889,Lisa Jackson,Female,40,IT,Manager,Bachelor's,2025-01-21,,Active,,159200.0,2,19,8.1,2.9,0.6,Hybrid,20
E10890,Daniel Martinez,Male,37,Sales,Lead,Associate Degree,2025-12-19,2026-08-07,Terminated,Voluntary - Better Opportunity,131800.0,3,8,12.8,2.6,23.2,Onsite,21
E10891,Nicholas Harris,Male,37,Operations,Lead,Master's,2025-09-06,,Active,,98200.0,4,8,11.3,3.3,8.4,Hybrid,21
E10892,Barbara Allen,Female,26,Operations,Entry,High School,2021-03-19,,Active,,51400.0,4,20,12.7,2.8,0.5,Remote,19
E10893,Barbara Brown,Female,43,Customer Support,Lead,Bachelor's,2019-02-10,,Active,,91600.0,2,7,14.3,4.0,2.3,Remote,25
E10894,Eric Taylor,Male,38,Operations,Manager,Bachelor's,2024-09-23,2025-02-12,Terminated,Voluntary - Better Opportunity,126600.0,4,15,8.3,2.8,2.1,Onsite,28
E10895,Cynthia Martinez,Female,42,Engineering,Senior,Bachelor's,2020-09-07,,Active,,144400.0,1,22,3.4,2.2,7.1,Onsite,10
E10896,Emily Miller,Female,24,Engineering,Associate,Bachelor's,2026-07-19,2026-08-24,Terminated,Voluntary - Better Opportunity,103200.0,2,1,11.9,2.5,9.9,Remote,41
E10897,George Brown,Male,43,Engineering,Lead,Master's,2021-02-11,2024-06-24,Terminated,Involuntary - Restructuring,192600.0,4,14,12.2,3.7,9.3,Onsite,10
E10898,Susan Brown,Female,33,Sales,Associate,Associate Degree,2021-06-24,,Active,,83100.0,3,8,15.0,4.4,6.1,Onsite,38
E10899,Margaret Allen,Female,33,Customer Support,Associate,Associate Degree,2020-06-22,,Active,,57900.0,3,19,20.4,3.6,10.9,Onsite,7
E10900,Donna Torres,Female,30,Engineering,Senior,Associate Degree,2026-02-09,,Active,,138800.0,4,6,3.7,3.3,15.6,Onsite,37
E10901,Barbara Walker,Female,38,Marketing,Associate,Bachelor's,2024-01-05,,Active,,77800.0,2,32,10.3,3.4,2.6,Onsite,13
E10902,Larry Walker,Male,37,Sales,Lead,Bachelor's,2018-12-18,,Active,,143300.0,2,2,20.8,2.1,34.3,Hybrid,17
E10903,Ryan Sanchez,Male,32,HR,Lead,Bachelor's,2019-10-03,,Active,,127700.0,3,8,7.2,3.6,22.4,Remote,26
E10904,Melissa Wright,Female,21,Sales,Entry,Bachelor's,2024-03-07,,Active,,58800.0,3,30,11.8,3.4,1.4,Onsite,11
E10905,Cynthia Scott,Female,24,Customer Support,Lead,Master's,2026-04-27,,Active,,82100.0,3,4,11.3,4.4,7.0,Hybrid,23
E10906,Nicholas Jackson,Male,31,Engineering,Entry,Master's,2019-11-16,,Active,,91700.0,3,9,2.9,2.8,0.5,Hybrid,24
E10907,Carol Wilson,Female,43,Operations,Director,Bachelor's,2019-11-10,,Active,,176200.0,4,18,8.0,4.1,3.1,Onsite,27
E10908,Gary Davis,Male,42,Customer Support,Senior,High School,2020-01-07,2022-07-02,Terminated,Voluntary - Relocation,75600.0,3,5,13.2,3.2,4.8,Hybrid,20
E10909,Lisa Walker,Female,34,Sales,Lead,Associate Degree,2025-05-29,,Active,,124700.0,4,15,21.4,3.2,0.5,Remote,36
E10910,Michael Rodriguez,Male,35,Operations,Associate,Bachelor's,2020-09-07,,Active,,69100.0,2,8,14.8,4.3,1.4,Hybrid,1
E10911,Laura Perez,Female,39,Engineering,Manager,Bachelor's,2023-01-28,,Active,,217500.0,3,30,0.6,3.0,7.7,Onsite,11
E10912,Jason Williams,Male,33,Finance,Senior,High School,2022-02-15,,Active,,126200.0,4,55,8.6,2.6,2.4,Remote,13
E10913,Brian Johnson,Male,44,IT,Lead,Master's,2024-11-15,,Active,,138200.0,4,17,8.3,3.0,21.4,Hybrid,12
E10914,Steven Jones,Male,33,Operations,Associate,Master's,2021-04-05,,Active,,69200.0,3,9,14.5,2.7,5.0,Hybrid,26
E10915,Daniel Flores,Male,24,Customer Support,Entry,Associate Degree,2020-02-01,2023-12-28,Terminated,Voluntary - Better Opportunity,46600.0,2,12,12.9,2.6,4.4,Remote,30
E10916,Rebecca Harris,Female,28,Finance,Entry,Master's,2021-04-14,,Active,,69400.0,3,24,0.0,4.7,3.8,Onsite,13
E10917,Brian Smith,Male,33,Customer Support,Entry,Bachelor's,2021-06-14,,Active,,44200.0,3,6,17.6,2.9,3.7,Remote,20
E10918,Jessica Torres,Female,41,Marketing,Senior,Bachelor's,2020-10-09,2025-03-23,Terminated,Voluntary - Better Opportunity,107300.0,1,40,8.7,2.3,33.2,Onsite,27
E10919,Eric Martinez,Male,35,Engineering,Entry,Associate Degree,2020-12-10,2021-03-05,Terminated,Voluntary - Better Opportunity,89900.0,2,16,20.8,2.7,3.5,Onsite,5
E10920,Margaret Walker,Female,36,Engineering,Senior,Associate Degree,2021-08-29,,Active,,144700.0,4,14,4.3,4.1,60.0,Onsite,30
E10921,Cynthia Young,Female,41,Customer Support,Senior,Bachelor's,2025-11-04,2026-01-31,Terminated,Involuntary - Performance,69100.0,4,6,23.8,1.9,5.3,Onsite,15
E10922,Patricia King,Female,28,Operations,Associate,Bachelor's,2021-11-03,2022-04-13,Terminated,Involuntary - Restructuring,61200.0,2,49,12.9,1.9,3.9,Hybrid,8
E10923,Amy Lopez,Female,39,Engineering,Senior,Bachelor's,2024-06-20,,Active,,140800.0,2,18,7.7,4.1,7.8,Remote,6
E10924,Jacob Perez,Male,36,Engineering,Senior,Bachelor's,2018-12-24,2021-05-25,Terminated,Involuntary - Performance,152900.0,2,5,4.1,3.5,10.0,Onsite,23
E10925,Laura King,Female,44,Customer Support,Senior,Master's,2019-07-30,,Active,,76100.0,4,12,18.1,3.1,3.4,Remote,13
E10926,Amy Hill,Female,37,Engineering,Associate,Bachelor's,2019-09-16,,Active,,117400.0,3,4,4.0,2.8,0.7,Hybrid,0
E10927,Patricia Wright,Female,25,Operations,Entry,Bachelor's,2019-03-29,,Active,,50800.0,3,17,11.7,2.7,15.9,Hybrid,22
E10928,Elizabeth Anderson,Female,47,Engineering,Manager,Master's,2020-11-22,,Active,,226200.0,3,9,1.2,2.5,0.7,Hybrid,30
E10929,Sandra Lee,Female,45,Customer Support,Manager,Master's,2020-11-09,,Active,,106000.0,3,8,19.4,2.3,11.2,Onsite,20
E10930,Nicholas Gonzalez,Male,32,IT,Senior,Bachelor's,2024-06-19,,Active,,114500.0,2,26,9.7,3.8,16.5,Remote,10
E10931,Jason Young,Male,29,Sales,Associate,Bachelor's,2022-11-09,2024-06-05,Terminated,Involuntary - Performance,87100.0,3,46,10.2,2.9,0.5,Onsite,12
E10932,William Lee,Male,44,Operations,Associate,Bachelor's,2020-03-27,2025-12-29,Terminated,Involuntary - Performance,71900.0,2,62,11.9,3.0,21.5,Onsite,0
E10933,Jessica Scott,Female,26,Customer Support,Associate,Bachelor's,2021-03-31,,Active,,53500.0,3,34,9.8,2.6,5.9,Hybrid,15
E10934,Ashley Wilson,Female,47,Engineering,Senior,Bachelor's,2018-09-03,,Active,,149400.0,2,9,8.1,3.6,10.2,Hybrid,19
E10935,Christopher Moore,Male,37,Finance,Senior,Master's,2024-04-23,,Active,,120800.0,4,25,3.8,3.5,0.6,Hybrid,9
E10936,Edward Martinez,Male,40,Operations,Lead,Bachelor's,2024-11-12,,Active,,95200.0,2,21,11.8,3.4,3.6,Hybrid,17
E10937,Susan Williams,Female,21,IT,Entry,Master's,2019-06-05,,Active,,70900.0,4,41,7.8,2.3,0.5,Onsite,35
E10938,Kevin Lee,Male,38,Sales,Director,Bachelor's,2026-03-14,,Active,,203300.0,4,5,11.1,4.0,0.6,Onsite,20
E10939,Ronald Smith,Male,31,Operations,Associate,High School,2021-06-25,,Active,,71000.0,1,34,10.8,1.8,9.4,Onsite,11
E10940,Rebecca Lee,Female,31,Sales,Senior,Bachelor's,2025-05-23,,Active,,104300.0,4,15,8.2,4.0,2.2,Onsite,17
E10941,Emily Robinson,Female,31,Engineering,Senior,Bachelor's,2023-01-03,,Active,,145000.0,3,31,8.2,3.2,6.6,Onsite,12
E10942,Sandra Taylor,Female,31,Sales,Entry,Bachelor's,2019-11-13,,Active,,65300.0,4,12,8.1,3.3,9.5,Onsite,26
E10943,Barbara Young,Female,39,Marketing,Lead,Master's,2018-11-30,2023-11-04,Terminated,Voluntary - Relocation,126900.0,2,9,13.0,2.2,1.8,Onsite,18
E10944,Linda Miller,Female,36,Finance,Entry,Bachelor's,2020-08-29,,Active,,73400.0,3,42,6.0,3.2,39.6,Onsite,18
E10945,Laura Miller,Female,41,Customer Support,Lead,PhD,2019-07-29,2023-11-15,Terminated,Involuntary - Restructuring,89300.0,2,3,14.1,3.3,10.3,Remote,19
E10946,Jessica Smith,Female,24,IT,Associate,Bachelor's,2023-02-28,,Active,,84200.0,1,42,0.0,2.2,16.1,Onsite,5
E10947,Thomas Martinez,Male,52,Sales,Senior,Bachelor's,2019-03-31,,Active,,117200.0,3,8,10.2,2.7,10.5,Remote,0
E10948,Eric Perez,Male,35,Marketing,Senior,Bachelor's,2025-12-17,,Active,,103200.0,2,8,2.6,3.8,5.8,Hybrid,27
E10949,Ashley Williams,Female,35,Marketing,Associate,Bachelor's,2024-03-17,2025-11-18,Terminated,Voluntary - Better Opportunity,76300.0,3,9,6.7,4.0,1.7,Hybrid,33
E10950,Sarah King,Female,46,Engineering,Director,High School,2021-12-22,,Active,,260000.0,1,4,2.9,3.3,11.9,Hybrid,8
E10951,John Davis,Male,27,Customer Support,Senior,High School,2026-03-19,2026-04-25,Terminated,Voluntary - Better Opportunity,72200.0,4,5,14.4,4.0,3.5,Remote,12
E10952,Michael Harris,Male,45,Sales,Director,Bachelor's,2025-10-31,,Active,,216500.0,3,9,13.1,3.4,11.0,Hybrid,6
E10953,Cynthia Scott,Female,38,Marketing,Entry,Master's,2020-03-30,,Active,,58500.0,3,6,6.4,3.3,10.5,Hybrid,24
E10954,Jessica Brown,Female,32,IT,Associate,PhD,2024-02-04,2025-11-29,Terminated,Involuntary - Restructuring,82100.0,2,7,2.7,3.1,4.7,Remote,22
E10955,Jessica Scott,Female,55,Customer Support,Director,Bachelor's,2021-05-26,,Active,,149200.0,3,8,22.8,1.6,0.5,Hybrid,14
E10956,Stephen Flores,Male,37,Operations,Lead,Bachelor's,2026-04-26,,Active,,99600.0,4,4,14.1,3.8,25.7,Onsite,32
E10957,Donna Ramirez,Female,42,Finance,Lead,High School,2025-02-24,,Active,,132600.0,3,18,0.0,3.0,17.1,Onsite,13
E10958,Betty Moore,Female,33,IT,Senior,Master's,2024-06-14,,Active,,111400.0,4,25,7.8,3.5,0.5,Hybrid,7
E10959,Daniel Wright,Male,30,Finance,Senior,Bachelor's,2023-07-24,,Active,,129500.0,1,27,2.9,2.9,7.3,Hybrid,30
E10960,Amy Sanchez,Female,27,Sales,Senior,High School,2024-09-20,,Active,,105100.0,1,23,9.6,2.1,7.1,Onsite,26
E10961,David Clark,Male,40,Sales,Entry,Bachelor's,2020-08-11,,Active,,69100.0,4,28,12.3,4.0,1.8,Hybrid,16
E10962,Jonathan Jackson,Male,35,Operations,Senior,High School,2022-11-11,,Active,,83200.0,3,7,14.2,3.4,9.9,Onsite,27
E10963,Stephanie Jackson,Female,31,Sales,Manager,Bachelor's,2025-09-19,,Active,,156100.0,2,7,11.8,4.3,4.4,Onsite,40
E10964,Steven Martinez,Male,38,Customer Support,Senior,Bachelor's,2023-10-13,,Active,,70900.0,3,10,16.3,3.4,18.9,Remote,8
E10965,Joseph Sanchez,Male,59,IT,Director,Bachelor's,2020-03-24,,Active,,239900.0,2,2,13.4,3.0,26.6,Onsite,28
E10966,Jennifer Hill,Female,31,Customer Support,Entry,Bachelor's,2024-06-05,,Active,,39900.0,2,17,14.9,3.4,16.4,Remote,36
E10967,Christopher Scott,Male,38,Marketing,Lead,Associate Degree,2023-03-21,2024-09-26,Terminated,Voluntary - Personal,121700.0,4,25,10.7,3.4,13.8,Onsite,12
E10968,Linda Clark,Female,21,Customer Support,Entry,High School,2023-10-26,,Active,,39500.0,3,34,26.0,2.6,4.4,Onsite,20
E10969,Michelle Hernandez,Female,21,IT,Entry,Bachelor's,2026-04-25,,Active,,61900.0,3,4,5.6,4.1,3.9,Hybrid,20
E10970,George Wright,Male,41,IT,Lead,Master's,2022-05-16,2023-03-30,Terminated,Involuntary - Performance,140000.0,2,3,0.7,3.1,9.5,Onsite,25
E10971,Eric Scott,Male,29,Sales,Associate,Master's,2022-12-21,,Active,,85300.0,3,22,21.7,3.5,1.1,Onsite,25
E10972,Cynthia Davis,Female,35,IT,Senior,Associate Degree,2024-11-05,,Active,,113200.0,4,7,15.2,3.2,2.4,Hybrid,10
E10973,Christopher Torres,Male,21,IT,Entry,Associate Degree,2024-08-16,,Active,,64800.0,2,10,4.7,3.1,12.0,Hybrid,33
E10974,Susan Torres,Female,35,Marketing,Senior,Master's,2021-03-02,,Active,,105800.0,1,36,3.7,3.1,1.5,Hybrid,10
E10975,Elizabeth Lopez,Female,56,Engineering,Director,Bachelor's,2020-05-23,,Active,,260000.0,3,5,3.5,2.9,6.6,Onsite,38
E10976,Brian Hill,Male,23,Sales,Senior,Bachelor's,2026-07-27,2026-08-26,Terminated,Voluntary - Relocation,102400.0,3,1,16.3,3.2,8.8,Hybrid,25
E10977,Brian Moore,Male,57,Customer Support,Director,Master's,2019-06-29,2026-04-25,Terminated,Voluntary - Relocation,155400.0,2,11,19.9,3.8,1.8,Remote,7
E10978,Brian Wright,Male,32,Engineering,Associate,High School,2023-11-27,,Active,,113800.0,4,9,2.1,4.4,2.1,Onsite,22
E10979,Ashley Allen,Female,25,Finance,Entry,High School,2019-07-18,,Active,,75300.0,3,18,2.9,3.7,25.9,Remote,48
E10980,William Hernandez,Male,28,Engineering,Entry,High School,2019-02-28,2022-12-13,Terminated,Voluntary - Personal,87500.0,3,12,3.2,4.6,35.8,Hybrid,18
E10981,Michelle Hernandez,Female,30,Operations,Associate,PhD,2023-03-15,,Active,,65900.0,3,1,18.1,3.8,1.9,Remote,19
E10982,Sharon Hill,Female,41,IT,Senior,PhD,2020-07-22,2024-04-21,Terminated,Voluntary - Better Opportunity,112300.0,1,45,17.0,1.9,4.3,Remote,15
E10983,John White,Male,25,Operations,Entry,Bachelor's,2025-10-24,,Active,,47000.0,3,10,18.0,3.7,12.5,Hybrid,0
E10984,John Gonzalez,Male,28,Engineering,Senior,Master's,2026-04-03,,Active,,138900.0,3,1,11.0,3.0,29.0,Hybrid,23
E10985,Karen Lee,Female,29,IT,Entry,Bachelor's,2024-02-04,,Active,,62800.0,3,16,9.0,3.4,4.0,Hybrid,16
E10986,Mark Sanchez,Male,25,Finance,Entry,Bachelor's,2024-03-09,,Active,,68600.0,1,30,0.0,3.7,7.0,Onsite,0
E10987,Stephen King,Male,42,IT,Associate,Bachelor's,2018-10-20,,Active,,95600.0,3,16,11.0,2.9,20.9,Onsite,26
E10988,David Martin,Male,45,Engineering,Lead,Bachelor's,2021-04-27,2023-02-11,Terminated,Voluntary - Better Opportunity,180700.0,1,25,4.3,3.0,10.7,Hybrid,30
E10989,Jennifer Smith,Female,31,Marketing,Associate,Associate Degree,2019-12-27,,Active,,77400.0,3,25,10.7,3.0,3.9,Remote,11
E10990,Lisa Sanchez,Female,24,Customer Support,Entry,Master's,2025-07-29,,Active,,37200.0,2,11,12.4,2.0,24.7,Remote,21
E10991,Sandra Scott,Female,28,Engineering,Entry,Bachelor's,2024-01-31,,Active,,84800.0,4,9,8.2,3.1,1.8,Remote,18
E10992,Jacob Martin,Male,37,Marketing,Associate,Bachelor's,2020-02-26,2023-10-04,Terminated,Involuntary - Performance,87900.0,2,19,0.0,4.0,6.3,Hybrid,0
E10993,Lisa Hernandez,Female,43,Marketing,Lead,Master's,2018-10-08,2021-01-09,Terminated,Voluntary - Better Opportunity,130200.0,3,27,12.8,3.4,7.4,Onsite,27
E10994,Melissa Walker,Female,39,Engineering,Senior,Bachelor's,2021-12-11,,Active,,143600.0,4,11,14.2,3.8,10.3,Hybrid,15
E10995,Patricia Johnson,Female,34,Operations,Entry,Bachelor's,2020-03-03,,Active,,49000.0,3,26,9.8,4.2,23.3,Hybrid,7
E10996,David Martin,Male,35,Sales,Associate,Associate Degree,2024-11-01,,Active,,79900.0,2,2,20.4,3.1,4.2,Onsite,19
E10997,Amy Lee,Female,34,IT,Senior,Master's,2025-04-25,2025-12-20,Terminated,Voluntary - Better Opportunity,111600.0,3,8,10.6,3.4,3.9,Onsite,13
E10998,Joseph Wright,Male,41,Engineering,Lead,Master's,2018-10-22,,Active,,203600.0,2,17,8.6,2.1,11.8,Onsite,20
E10999,Amy Davis,Female,41,HR,Senior,Associate Degree,2023-12-13,,Active,,96400.0,3,3,9.2,3.0,0.5,Remote,36
E11000,Donna Clark,Female,39,Sales,Lead,Bachelor's,2021-07-31,,Active,,128300.0,3,20,11.3,2.8,0.5,Hybrid,17
E11001,Karen Smith,Female,25,Engineering,Entry,Bachelor's,2026-05-31,,Active,,80000.0,4,2,9.0,3.7,8.0,Hybrid,44
E11002,Paul Anderson,Male,31,Marketing,Associate,Bachelor's,2019-12-17,,Active,,85600.0,4,18,14.6,3.0,12.2,Onsite,19
E11003,Melissa Flores,Female,43,Sales,Senior,Master's,2021-04-16,,Active,,108100.0,5,17,8.4,3.5,1.8,Hybrid,21
E11004,Gary Thomas,Male,25,HR,Associate,Bachelor's,2024-06-04,,Active,,72000.0,4,5,4.7,2.9,3.3,Hybrid,25
E11005,Gary Moore,Male,35,Engineering,Entry,Bachelor's,2020-05-09,,Active,,92600.0,1,26,0.0,2.8,2.3,Hybrid,24
E11006,Amy Martin,Female,35,Customer Support,Senior,Bachelor's,2025-09-11,,Active,,68200.0,3,3,22.2,3.1,6.0,Onsite,24
E11007,Larry Davis,Male,38,HR,Lead,Bachelor's,2025-09-30,,Active,,121900.0,3,11,3.6,4.3,11.4,Remote,31
E11008,Ronald Harris,Male,35,Engineering,Senior,Bachelor's,2025-10-03,,Active,,141700.0,2,10,13.6,2.4,11.7,Hybrid,20
E11009,Sharon Wright,Female,41,HR,Lead,Master's,2024-01-16,,Active,,117100.0,3,31,7.8,3.3,4.5,Remote,16
E11010,Ryan Johnson,Male,32,Operations,Lead,Bachelor's,2026-07-19,,Active,,99200.0,1,0,15.3,1.4,10.4,Hybrid,25
E11011,Eric Thompson,Male,37,Operations,Associate,Bachelor's,2023-03-03,,Active,,67500.0,1,17,12.6,3.1,6.4,Onsite,17
E11012,Michael Nguyen,Male,38,HR,Senior,Master's,2019-04-19,2024-12-03,Terminated,Involuntary - Performance,104600.0,2,7,1.6,3.1,0.5,Hybrid,22
E11013,Karen Ramirez,Female,52,Engineering,Lead,Bachelor's,2019-09-19,,Active,,181900.0,2,4,7.4,3.0,2.0,Hybrid,24
E11014,Lisa Jones,Female,37,Engineering,Associate,High School,2020-06-06,,Active,,114800.0,3,15,0.0,3.3,0.5,Remote,14
E11015,Michelle Jones,Female,25,HR,Associate,High School,2023-06-20,2024-07-02,Terminated,Involuntary - Performance,70800.0,2,13,11.8,3.5,20.4,Onsite,17
E11016,Laura Johnson,Female,33,Operations,Associate,Bachelor's,2022-05-09,,Active,,64000.0,1,21,11.4,3.3,1.0,Onsite,40
E11017,Ryan Flores,Male,29,IT,Associate,Bachelor's,2025-07-07,,Active,,83500.0,3,7,14.4,3.0,2.3,Hybrid,10
E11018,Patricia Walker,Female,31,Marketing,Associate,High School,2024-06-14,,Active,,73800.0,3,26,2.1,4.0,8.3,Remote,26
E11019,Sandra Miller,Female,26,HR,Entry,Bachelor's,2023-11-17,,Active,,51800.0,3,18,12.6,2.3,34.6,Hybrid,4
E11020,Steven King,Male,33,IT,Associate,Master's,2024-10-07,,Active,,85900.0,4,22,9.1,3.5,4.3,Hybrid,25
E11021,Ryan Ramirez,Male,30,Sales,Manager,Bachelor's,2021-10-31,2022-02-09,Terminated,Involuntary - Performance,167400.0,3,20,14.5,2.8,15.2,Onsite,40
E11022,Jason Nguyen,Male,21,Finance,Entry,Bachelor's,2025-05-08,,Active,,73700.0,2,14,1.3,3.9,9.6,Onsite,12
E11023,Sharon Smith,Female,39,IT,Lead,Bachelor's,2024-12-23,,Active,,130200.0,3,9,8.2,2.7,8.0,Hybrid,17
E11024,Laura Miller,Female,40,IT,Senior,Master's,2019-12-30,,Active,,108900.0,3,5,0.0,3.5,0.7,Hybrid,35
E11025,Linda White,Female,31,Finance,Lead,Bachelor's,2026-03-15,,Active,,131400.0,3,5,4.4,3.6,5.9,Hybrid,14
E11026,Jessica Ramirez,Female,30,IT,Entry,High School,2019-09-25,,Active,,68100.0,3,36,5.8,2.1,3.6,Remote,10
E11027,Melissa Flores,Female,39,Engineering,Lead,Bachelor's,2022-01-30,,Active,,175700.0,4,0,3.3,2.9,2.6,Onsite,24
E11028,Stephen Williams,Male,33,Finance,Lead,Bachelor's,2024-11-18,,Active,,144900.0,2,21,6.0,4.1,7.3,Hybrid,24
E11029,John Lewis,Male,48,Engineering,Lead,Bachelor's,2020-09-07,,Active,,177800.0,4,4,10.7,2.6,30.7,Onsite,20
E11030,Rebecca Moore,Female,32,Operations,Senior,Master's,2020-10-09,,Active,,84200.0,3,1,15.6,3.3,8.9,Onsite,23
E11031,Joseph Lopez,Male,34,IT,Associate,High School,2020-12-31,,Active,,91000.0,2,27,16.4,3.0,21.6,Hybrid,31
E11032,Laura Wright,Female,35,Engineering,Senior,Master's,2026-01-25,,Active,,142300.0,4,7,16.7,4.0,0.9,Hybrid,7
E11033,Christopher Perez,Male,40,IT,Manager,Bachelor's,2021-12-14,,Active,,176600.0,4,30,12.3,3.8,4.3,Hybrid,15
E11034,Kevin Anderson,Male,34,Sales,Associate,Master's,2023-09-23,,Active,,80800.0,3,21,17.2,1.9,1.4,Hybrid,15
E11035,Anthony Jones,Male,37,Engineering,Senior,Bachelor's,2022-07-02,,Active,,149300.0,3,24,0.0,3.5,2.9,Remote,5
E11036,Karen Rodriguez,Female,40,HR,Manager,Master's,2025-12-01,,Active,,131200.0,4,5,5.3,4.3,41.9,Onsite,36
E11037,Margaret Martinez,Female,36,Sales,Senior,Bachelor's,2024-04-20,,Active,,102200.0,3,11,13.7,2.2,2.1,Hybrid,30
E11038,Kevin Gonzalez,Male,40,Engineering,Associate,Bachelor's,2021-10-11,,Active,,121700.0,4,2,6.4,3.8,9.3,Hybrid,39
E11039,Barbara Ramirez,Female,38,Customer Support,Associate,Bachelor's,2023-12-30,,Active,,52600.0,1,6,8.5,3.9,9.3,Onsite,24
E11040,Richard Smith,Male,30,Customer Support,Associate,Bachelor's,2021-05-29,,Active,,55200.0,3,1,11.9,3.8,0.5,Remote,29
E11041,Richard Anderson,Male,35,Customer Support,Senior,High School,2025-01-13,,Active,,74500.0,3,19,17.5,2.6,6.3,Hybrid,18
E11042,Nicholas Torres,Male,39,Sales,Manager,Bachelor's,2019-09-23,,Active,,174400.0,4,51,13.5,2.7,18.3,Onsite,19
E11043,Susan Lewis,Female,26,IT,Entry,Master's,2024-06-01,,Active,,63500.0,4,1,9.1,3.1,6.4,Remote,23
E11044,Thomas Sanchez,Male,29,Operations,Entry,Associate Degree,2022-01-27,,Active,,50600.0,3,6,14.8,2.7,2.3,Onsite,23
E11045,Richard Garcia,Male,49,Operations,Director,Bachelor's,2021-12-10,2024-10-23,Terminated,Voluntary - Better Opportunity,174800.0,4,4,19.0,2.7,24.3,Onsite,24
E11046,Susan Moore,Female,35,Marketing,Associate,Master's,2023-03-28,2025-10-14,Terminated,Involuntary - Performance,79200.0,4,5,10.1,4.2,6.3,Remote,17
E11047,Ryan Flores,Male,31,Operations,Associate,Bachelor's,2022-02-06,,Active,,67400.0,3,46,7.4,4.1,14.5,Hybrid,37
E11048,Patricia Harris,Female,32,Sales,Associate,Master's,2019-03-16,,Active,,89200.0,3,1,13.4,3.4,2.0,Hybrid,12
E11049,Joseph Sanchez,Male,33,Sales,Entry,Bachelor's,2019-07-15,,Active,,67100.0,4,0,12.5,3.7,5.5,Onsite,27
E11050,Daniel Moore,Male,48,Engineering,Manager,Bachelor's,2026-02-19,2026-08-17,Terminated,Voluntary - Better Opportunity,215900.0,2,6,0.0,3.8,2.5,Onsite,26
E11051,Karen Torres,Female,27,Marketing,Senior,Master's,2021-05-05,,Active,,103900.0,2,9,7.0,2.8,1.7,Hybrid,21
E11052,Steven Lopez,Male,37,Operations,Senior,Master's,2022-11-05,2024-12-13,Terminated,Voluntary - Better Opportunity,79300.0,2,22,15.0,3.8,3.3,Hybrid,8
E11053,Jason Robinson,Male,39,Marketing,Senior,Bachelor's,2020-05-28,,Active,,108800.0,2,20,16.4,3.4,1.6,Remote,5
E11054,Stephanie Sanchez,Female,40,Operations,Associate,Master's,2020-05-09,,Active,,64200.0,4,4,20.9,3.0,11.0,Onsite,16
E11055,Edward Moore,Male,35,HR,Associate,Bachelor's,2019-02-11,,Active,,82400.0,4,74,0.4,3.9,2.2,Hybrid,35
E11056,Robert Walker,Male,24,IT,Entry,Bachelor's,2024-02-29,,Active,,66400.0,2,22,4.8,3.2,2.6,Onsite,43
E11057,Carol Williams,Female,39,HR,Manager,High School,2026-07-20,,Active,,127500.0,3,1,12.5,4.5,0.5,Onsite,26
E11058,Ashley White,Female,40,Finance,Senior,High School,2022-05-19,,Active,,129800.0,2,11,9.1,3.3,8.1,Onsite,0
E11059,Kimberly Thompson,Female,23,Engineering,Senior,Bachelor's,2022-09-27,,Active,,143000.0,4,1,11.0,3.2,9.6,Hybrid,2
E11060,Laura Williams,Female,33,Customer Support,Lead,Bachelor's,2025-07-26,,Active,,81100.0,2,2,8.4,3.6,9.1,Remote,28
E11061,Elizabeth Williams,Female,49,Engineering,Lead,Bachelor's,2021-03-17,,Active,,177600.0,3,40,5.6,2.8,10.1,Onsite,24
E11062,Ronald Davis,Male,55,Engineering,Manager,Master's,2019-09-04,2024-09-22,Terminated,Voluntary - Better Opportunity,230000.0,3,10,11.3,3.2,6.7,Hybrid,23
E11063,David Rodriguez,Male,36,Marketing,Senior,High School,2023-07-09,,Active,,110200.0,4,8,0.1,2.5,2.1,Onsite,11
E11064,Anthony White,Male,43,Customer Support,Associate,Bachelor's,2024-06-19,,Active,,57000.0,2,10,16.7,3.4,8.1,Hybrid,17
E11065,Betty Hernandez,Female,36,Sales,Lead,High School,2024-05-11,,Active,,129500.0,4,18,17.2,3.9,1.7,Hybrid,15
E11066,Daniel Rodriguez,Male,34,Engineering,Lead,Associate Degree,2023-05-18,,Active,,182300.0,2,39,4.1,2.6,11.4,Hybrid,10
E11067,Nicholas Rodriguez,Male,34,Sales,Senior,Bachelor's,2026-04-06,,Active,,107000.0,2,4,9.8,4.2,2.4,Hybrid,10
E11068,Nancy Nguyen,Female,36,IT,Entry,Bachelor's,2021-03-02,,Active,,65100.0,4,3,9.5,3.7,4.3,Remote,27
E11069,Sarah Jackson,Female,36,Sales,Manager,Master's,2024-07-27,2025-04-23,Terminated,Voluntary - Personal,158700.0,3,6,11.9,3.2,12.4,Remote,24
E11070,Stephen Hernandez,Male,39,Operations,Manager,Associate Degree,2023-03-21,,Active,,127700.0,3,29,8.6,1.8,4.0,Onsite,20
E11071,Jason Martin,Male,26,Sales,Associate,Associate Degree,2025-02-12,2026-04-21,Terminated,Voluntary - Relocation,85500.0,2,6,13.3,2.6,7.6,Remote,6
E11072,Edward Moore,Male,30,Marketing,Entry,Master's,2018-08-30,,Active,,62600.0,3,22,7.1,4.1,1.7,Remote,28
E11073,Laura Moore,Female,32,Sales,Senior,Master's,2025-01-06,,Active,,101300.0,3,6,9.2,3.3,17.4,Hybrid,15
E11074,Jennifer Sanchez,Female,23,Finance,Entry,Master's,2022-12-15,,Active,,72000.0,2,31,7.0,3.3,0.8,Onsite,24
E11075,Ronald Martinez,Male,44,Sales,Lead,Bachelor's,2024-04-05,,Active,,123700.0,1,20,8.1,2.9,8.2,Remote,38
E11076,Patricia Ramirez,Female,48,Finance,Manager,Bachelor's,2019-05-28,,Active,,195000.0,2,11,4.9,2.9,5.5,Hybrid,16
E11077,Carol Thomas,Female,45,Customer Support,Lead,Bachelor's,2021-01-09,,Active,,87600.0,2,63,11.4,1.5,35.2,Remote,15
E11078,Stephanie Martin,Female,40,Customer Support,Manager,High School,2025-02-09,,Active,,101300.0,3,18,20.0,2.8,3.3,Onsite,2
E11079,Stephanie Lee,Female,43,Customer Support,Senior,Master's,2023-10-21,2025-01-04,Terminated,Voluntary - Better Opportunity,72500.0,1,34,19.4,2.3,25.6,Hybrid,21
E11080,Mark Martinez,Male,31,Customer Support,Entry,Master's,2021-06-14,2026-01-14,Terminated,Involuntary - Restructuring,44600.0,3,0,28.1,2.4,26.0,Onsite,25
E11081,Larry Brown,Male,42,Customer Support,Director,Master's,2024-10-03,,Active,,146800.0,4,16,18.3,2.9,7.4,Hybrid,18
E11082,Thomas Gonzalez,Male,39,Engineering,Lead,Master's,2021-08-25,,Active,,180100.0,3,31,13.9,3.7,39.6,Hybrid,17
E11083,Jeffrey Wilson,Male,45,Engineering,Associate,High School,2021-02-21,,Active,,122400.0,2,17,8.5,3.5,4.8,Hybrid,5
E11084,Nancy Young,Female,35,IT,Associate,Master's,2019-09-22,,Active,,91700.0,4,2,10.3,4.8,1.5,Onsite,14
E11085,Paul Thomas,Male,32,Operations,Senior,Associate Degree,2019-07-13,,Active,,89200.0,5,28,18.3,3.4,2.9,Hybrid,22
E11086,Cynthia Torres,Female,29,Customer Support,Entry,Master's,2022-04-09,,Active,,41300.0,4,25,20.6,3.0,11.0,Onsite,26
E11087,Brian Lee,Male,34,IT,Associate,Associate Degree,2018-09-26,,Active,,97700.0,4,25,11.4,3.7,31.1,Onsite,5
E11088,Edward Robinson,Male,40,Engineering,Senior,Bachelor's,2019-03-30,,Active,,160400.0,1,7,0.0,3.7,16.6,Hybrid,28
E11089,Ryan Harris,Male,38,IT,Senior,Associate Degree,2018-12-25,,Active,,125200.0,3,9,9.3,3.2,7.1,Hybrid,24
E11090,Jennifer Perez,Female,29,Finance,Associate,Associate Degree,2023-07-16,,Active,,92300.0,4,3,13.1,4.0,17.5,Remote,35
E11091,Larry Wilson,Male,27,Sales,Entry,Bachelor's,2024-05-16,,Active,,60700.0,2,15,14.7,4.2,3.8,Hybrid,25
E11092,Robert Perez,Male,31,Operations,Entry,PhD,2025-02-17,2026-05-08,Terminated,Voluntary - Better Opportunity,48600.0,3,18,9.0,2.8,8.6,Hybrid,24
E11093,Stephen King,Male,41,HR,Lead,High School,2020-11-20,,Active,,122000.0,5,26,2.1,4.5,2.5,Hybrid,31
E11094,Daniel Lopez,Male,39,Engineering,Manager,Master's,2020-11-26,,Active,,223800.0,3,8,10.3,3.2,0.8,Onsite,3
E11095,Richard Taylor,Male,39,Sales,Senior,Associate Degree,2019-12-25,,Active,,121700.0,3,9,17.5,2.6,1.9,Onsite,21
E11096,Elizabeth Johnson,Female,40,Engineering,Lead,Bachelor's,2025-10-04,,Active,,163000.0,3,0,2.5,2.9,9.7,Onsite,22
E11097,George Rodriguez,Male,49,Sales,Manager,Associate Degree,2019-08-25,2022-03-23,Terminated,Voluntary - Better Opportunity,171500.0,4,78,10.7,2.7,2.6,Hybrid,26
E11098,Jacob Brown,Male,42,Sales,Lead,Bachelor's,2020-08-23,2025-05-16,Terminated,Involuntary - Performance,138900.0,3,26,15.8,3.4,0.6,Hybrid,0
E11099,Jeffrey Nguyen,Male,26,Sales,Associate,Associate Degree,2025-02-12,,Active,,82100.0,2,7,11.3,3.7,18.5,Hybrid,21
E11100,Jessica Moore,Female,34,Marketing,Associate,Bachelor's,2023-02-10,,Active,,76000.0,2,5,8.0,4.1,3.5,Onsite,34
E11101,Laura Jones,Female,38,Sales,Manager,Bachelor's,2023-07-25,,Active,,147800.0,2,0,16.6,1.4,5.0,Remote,33
E11102,Christopher Hernandez,Male,42,Sales,Lead,Associate Degree,2025-01-08,,Active,,126300.0,3,19,12.0,2.0,3.9,Hybrid,1
E11103,Barbara White,Female,33,Sales,Entry,PhD,2021-02-02,,Active,,61400.0,3,4,11.2,4.0,8.5,Hybrid,17
E11104,George Lopez,Male,38,Sales,Entry,PhD,2020-05-21,,Active,,66800.0,4,3,17.3,3.6,6.1,Hybrid,7
E11105,Mark Robinson,Male,40,Sales,Senior,Master's,2020-10-02,,Active,,117600.0,2,6,14.3,3.2,5.4,Onsite,4
E11106,Gary Johnson,Male,36,Operations,Entry,Bachelor's,2023-08-02,,Active,,49700.0,4,18,17.3,3.6,4.7,Onsite,15
E11107,Sharon Nguyen,Female,28,IT,Entry,Bachelor's,2025-12-08,,Active,,60100.0,3,8,4.6,4.4,19.4,Onsite,22
E11108,Cynthia King,Female,30,Customer Support,Associate,Master's,2019-06-04,,Active,,56500.0,4,2,25.9,4.2,4.3,Hybrid,39
E11109,Daniel Harris,Male,25,IT,Entry,Bachelor's,2026-06-12,2026-08-23,Terminated,Involuntary - Restructuring,65900.0,2,2,10.8,2.7,4.3,Hybrid,16
E11110,Daniel Lee,Male,40,Operations,Senior,Master's,2022-04-09,,Active,,83500.0,1,39,18.9,2.5,19.4,Onsite,12
E11111,Barbara Martin,Female,30,Engineering,Associate,Master's,2023-11-06,,Active,,110000.0,1,15,4.7,2.7,10.7,Onsite,20
E11112,Betty Young,Female,21,Customer Support,Associate,Bachelor's,2025-11-17,,Active,,50600.0,3,4,16.8,3.0,4.0,Remote,28
E11113,Ashley Sanchez,Female,31,Sales,Associate,Bachelor's,2021-03-04,2025-01-03,Terminated,Voluntary - Better Opportunity,80800.0,2,30,12.3,3.0,5.0,Onsite,16
E11114,George Torres,Male,24,Operations,Associate,Associate Degree,2020-04-16,,Active,,67000.0,3,74,14.6,2.3,17.2,Hybrid,20
E11115,Emily Thomas,Female,38,Marketing,Senior,Bachelor's,2018-12-03,,Active,,108900.0,4,8,6.7,3.9,7.9,Onsite,27
E11116,Mary Hill,Female,35,IT,Entry,High School,2019-09-13,,Active,,69000.0,3,5,16.5,2.0,3.4,Hybrid,25
E11117,Jacob Garcia,Male,36,Finance,Associate,Bachelor's,2020-12-28,,Active,,102000.0,2,3,15.3,2.9,2.4,Onsite,19
E11118,Stephen Gonzalez,Male,36,Engineering,Senior,Bachelor's,2021-10-25,,Active,,156200.0,2,24,18.7,2.3,12.1,Hybrid,18
E11119,Donna Torres,Female,28,Sales,Associate,PhD,2020-06-18,,Active,,85600.0,4,0,15.9,2.6,0.5,Onsite,11
E11120,Sandra Williams,Female,30,Engineering,Entry,Bachelor's,2024-01-25,,Active,,83600.0,3,6,7.5,4.8,2.2,Hybrid,27
E11121,Nicholas White,Male,39,Marketing,Associate,Bachelor's,2019-07-17,,Active,,85400.0,1,10,8.1,3.4,11.7,Onsite,7
E11122,Sandra Moore,Female,24,Sales,Entry,Master's,2020-03-14,,Active,,61400.0,3,38,9.3,3.4,5.6,Onsite,26
E11123,Daniel Thomas,Male,37,Sales,Manager,Bachelor's,2025-06-12,,Active,,160900.0,2,9,13.8,2.0,27.7,Onsite,4
E11124,Jeffrey Brown,Male,34,Operations,Senior,Bachelor's,2023-09-16,2025-07-31,Terminated,Voluntary - Better Opportunity,82900.0,4,9,16.3,3.0,7.1,Hybrid,34
E11125,Nicholas Sanchez,Male,33,IT,Senior,Master's,2026-06-08,,Active,,106300.0,2,2,9.2,2.6,4.0,Onsite,15
E11126,Emily Allen,Female,32,Sales,Senior,Bachelor's,2023-08-30,,Active,,106700.0,3,9,20.3,2.6,3.9,Onsite,21
E11127,Steven Jackson,Male,37,Engineering,Senior,Bachelor's,2021-11-09,,Active,,155900.0,4,3,12.4,3.6,20.8,Remote,38
E11128,Larry Rodriguez,Male,36,Customer Support,Senior,Master's,2019-06-21,2022-09-19,Terminated,Involuntary - Restructuring,79000.0,2,0,23.0,2.0,12.8,Onsite,20
E11129,Betty Torres,Female,22,Customer Support,Associate,Bachelor's,2025-09-20,2026-03-31,Terminated,Voluntary - Better Opportunity,54900.0,2,0,7.9,3.1,7.6,Onsite,18
E11130,James Gonzalez,Male,33,Customer Support,Senior,Bachelor's,2024-11-24,2025-01-01,Terminated,Voluntary - Better Opportunity,76700.0,2,21,22.5,2.0,7.1,Hybrid,18
E11131,Ronald Hill,Male,30,Engineering,Entry,Bachelor's,2024-03-23,,Active,,85200.0,2,3,16.6,2.4,2.3,Remote,21
E11132,Stephanie Anderson,Female,25,IT,Associate,Associate Degree,2024-11-28,,Active,,85600.0,3,9,10.9,3.3,10.4,Hybrid,18
E11133,Michael Brown,Male,39,Operations,Manager,Bachelor's,2020-11-17,,Active,,126700.0,3,3,21.3,3.2,1.0,Hybrid,30
E11134,Larry Moore,Male,43,HR,Lead,Associate Degree,2020-03-15,2022-03-16,Terminated,Voluntary - Personal,115500.0,2,7,0.0,3.2,1.8,Hybrid,13
E11135,James Scott,Male,34,IT,Entry,Bachelor's,2024-03-23,,Active,,68600.0,3,22,4.2,2.5,1.8,Remote,40
E11136,Larry Wright,Male,28,Finance,Entry,Associate Degree,2025-06-19,,Active,,71100.0,3,0,0.0,4.1,3.7,Hybrid,27
E11137,Melissa Martin,Female,29,Sales,Senior,Bachelor's,2023-07-04,2026-05-07,Terminated,Voluntary - Personal,103700.0,1,5,9.4,3.2,0.9,Hybrid,21
E11138,Edward Scott,Male,37,IT,Senior,Bachelor's,2020-12-30,,Active,,125500.0,3,12,4.9,3.9,3.2,Hybrid,30
E11139,Michael Young,Male,33,Finance,Entry,High School,2023-09-08,,Active,,72800.0,3,1,7.5,3.9,3.4,Onsite,25
E11140,David Anderson,Male,36,HR,Senior,Master's,2021-10-28,,Active,,101600.0,1,58,5.2,1.0,11.3,Onsite,32
E11141,Sharon King,Female,26,Marketing,Entry,Master's,2022-04-22,,Active,,58900.0,4,0,8.1,3.1,22.5,Onsite,11
E11142,Patricia Miller,Female,25,Finance,Entry,Master's,2022-09-27,,Active,,71000.0,3,6,1.1,3.3,1.5,Onsite,15
E11143,Kimberly Wright,Female,28,Engineering,Senior,High School,2023-04-09,,Active,,143400.0,3,30,11.5,2.3,11.2,Onsite,14
E11144,Jacob Allen,Male,35,Customer Support,Manager,Bachelor's,2022-10-25,,Active,,111700.0,3,27,22.8,2.5,20.0,Hybrid,16
E11145,Deborah Ramirez,Female,35,Engineering,Senior,Associate Degree,2021-12-03,,Active,,139700.0,5,6,4.5,4.7,14.5,Hybrid,12
E11146,George Lee,Male,31,Engineering,Entry,Bachelor's,2026-06-19,,Active,,82300.0,2,2,2.1,3.5,0.8,Onsite,14
E11147,John Moore,Male,42,Sales,Lead,Bachelor's,2022-01-03,,Active,,131200.0,4,3,18.8,2.9,0.5,Hybrid,33
E11148,Laura Gonzalez,Female,44,Customer Support,Lead,Bachelor's,2022-11-10,,Active,,87000.0,3,25,17.0,2.9,16.8,Remote,12
E11149,Karen Smith,Female,39,Customer Support,Senior,Bachelor's,2025-12-29,,Active,,65300.0,4,7,23.8,3.3,8.8,Hybrid,25
E11150,Jeffrey Perez,Male,29,Engineering,Senior,Bachelor's,2025-02-15,,Active,,138800.0,3,5,7.0,2.8,8.9,Hybrid,14
E11151,Eric Perez,Male,36,Finance,Entry,Bachelor's,2025-08-14,,Active,,64400.0,2,0,2.7,3.1,9.3,Onsite,8
E11152,Paul Smith,Male,37,Engineering,Lead,Bachelor's,2025-06-23,,Active,,175000.0,3,11,14.0,2.9,2.6,Hybrid,39
E11153,Stephanie Ramirez,Female,37,Marketing,Manager,Bachelor's,2024-06-26,,Active,,145300.0,4,26,12.0,3.4,6.0,Remote,19
E11154,Larry Scott,Male,29,Marketing,Lead,Bachelor's,2025-08-25,,Active,,124100.0,3,4,1.2,4.2,7.3,Hybrid,25
E11155,Richard Lewis,Male,42,Sales,Associate,Bachelor's,2019-06-16,,Active,,90800.0,3,3,22.6,3.5,0.5,Hybrid,20
E11156,Jonathan Young,Male,36,Operations,Senior,Bachelor's,2019-02-25,,Active,,94200.0,4,9,12.3,4.2,16.5,Hybrid,41
E11157,Sarah Sanchez,Female,37,Customer Support,Lead,Bachelor's,2026-07-19,,Active,,85500.0,3,1,24.2,2.1,12.9,Remote,24
E11158,Carol Martinez,Female,37,Engineering,Associate,Bachelor's,2021-10-20,,Active,,110400.0,1,9,5.0,4.0,27.3,Hybrid,21
E11159,Michelle Ramirez,Female,43,Sales,Associate,Master's,2021-08-22,,Active,,82400.0,3,11,3.2,3.4,7.5,Hybrid,6
E11160,Linda Thompson,Female,21,Customer Support,Entry,Bachelor's,2026-07-15,,Active,,39900.0,4,1,11.4,3.6,2.9,Onsite,13
E11161,Karen White,Female,35,Engineering,Entry,Associate Degree,2025-12-18,,Active,,81600.0,3,0,6.7,3.9,19.0,Hybrid,38
E11162,Mary Martinez,Female,37,HR,Senior,Associate Degree,2022-10-18,,Active,,94000.0,5,9,6.1,3.5,5.5,Onsite,17
E11163,Kevin Lewis,Male,51,IT,Lead,Bachelor's,2019-04-13,,Active,,151100.0,4,11,14.7,4.1,22.1,Hybrid,19
E11164,Melissa Lee,Female,29,Engineering,Senior,Bachelor's,2024-02-13,,Active,,137700.0,4,30,7.6,3.5,0.5,Onsite,42
E11165,John Robinson,Male,37,Customer Support,Lead,Master's,2025-05-06,,Active,,82300.0,5,15,18.3,2.9,6.2,Hybrid,16
E11166,Ashley Allen,Female,33,Finance,Associate,Associate Degree,2026-04-10,,Active,,83500.0,3,2,7.2,2.9,1.0,Remote,32
E11167,Susan Brown,Female,35,HR,Associate,Bachelor's,2019-07-02,,Active,,70900.0,2,21,1.4,2.8,2.5,Hybrid,22
E11168,George Johnson,Male,33,HR,Associate,Master's,2020-09-26,,Active,,76900.0,3,16,7.6,3.4,0.5,Hybrid,27
E11169,George Taylor,Male,40,Engineering,Lead,Master's,2023-03-17,,Active,,177300.0,3,23,13.6,2.0,1.9,Hybrid,29
E11170,Patricia Moore,Female,28,Customer Support,Associate,Bachelor's,2021-03-12,,Active,,53100.0,2,12,20.1,3.0,14.6,Hybrid,16
E11171,Edward Thomas,Male,39,IT,Associate,High School,2019-05-22,,Active,,95900.0,3,29,0.0,4.2,4.3,Onsite,17
E11172,Steven Garcia,Male,34,Operations,Associate,PhD,2024-07-24,,Active,,63200.0,3,25,7.5,2.8,17.2,Hybrid,17
E11173,Mary Brown,Female,36,Finance,Associate,PhD,2025-12-29,,Active,,91000.0,4,8,13.9,3.1,13.0,Hybrid,30
E11174,Ronald Ramirez,Male,34,Customer Support,Associate,High School,2022-10-25,,Active,,54900.0,1,27,22.9,2.6,9.2,Onsite,17
E11175,Larry Lopez,Male,40,Sales,Manager,Master's,2022-08-22,,Active,,168200.0,3,4,8.1,3.8,30.9,Remote,23
E11176,Jonathan Rodriguez,Male,34,Operations,Associate,Master's,2023-11-24,2025-04-09,Terminated,Involuntary - Performance,62800.0,3,0,13.9,2.9,12.8,Onsite,26
E11177,David Davis,Male,36,Marketing,Senior,Master's,2021-03-24,2025-02-14,Terminated,Involuntary - Performance,106000.0,4,7,0.7,3.4,0.8,Onsite,11
E11178,John Miller,Male,29,HR,Senior,High School,2022-06-30,,Active,,102500.0,2,7,10.3,3.8,1.5,Onsite,19
E11179,Sarah Williams,Female,21,Finance,Entry,Bachelor's,2022-11-10,2024-01-09,Terminated,Voluntary - Better Opportunity,68200.0,5,32,10.7,2.9,7.0,Hybrid,20
E11180,Laura Davis,Female,33,Sales,Associate,Bachelor's,2021-10-28,,Active,,86000.0,2,0,24.8,2.5,6.1,Hybrid,2
E11181,Stephanie Thompson,Female,41,Customer Support,Associate,Bachelor's,2018-10-14,,Active,,58800.0,2,9,14.7,4.0,4.6,Onsite,15
E11182,Carol Gonzalez,Female,48,Sales,Manager,Bachelor's,2023-05-01,,Active,,156200.0,1,27,6.8,2.8,1.6,Hybrid,23
E11183,Jonathan Robinson,Male,30,IT,Associate,Master's,2025-04-04,2026-03-21,Terminated,Involuntary - Restructuring,91100.0,4,16,4.7,3.4,3.3,Onsite,17
E11184,Barbara Moore,Female,37,Engineering,Associate,Master's,2024-05-05,,Active,,108400.0,2,10,6.9,3.8,2.2,Hybrid,20
E11185,Sandra Rodriguez,Female,34,Sales,Manager,High School,2024-03-04,,Active,,154000.0,1,4,10.8,2.0,1.0,Hybrid,32
E11186,Sandra Miller,Female,30,HR,Senior,High School,2024-11-22,,Active,,93700.0,2,4,3.0,3.2,11.8,Hybrid,19
E11187,Sandra Clark,Female,24,Engineering,Entry,Bachelor's,2021-08-18,,Active,,84800.0,4,3,11.4,2.6,10.1,Hybrid,18
E11188,Sarah Jones,Female,51,Sales,Lead,Bachelor's,2019-05-04,2024-09-27,Terminated,Involuntary - Performance,138900.0,2,4,13.6,1.8,8.6,Hybrid,28
E11189,Emily Gonzalez,Female,36,IT,Senior,Master's,2021-11-10,,Active,,117000.0,3,10,6.2,4.6,4.7,Onsite,19
E11190,Mary Lopez,Female,41,Marketing,Entry,Master's,2020-09-22,,Active,,59200.0,3,5,6.8,4.0,1.8,Hybrid,26
E11191,Jacob Taylor,Male,33,HR,Associate,High School,2023-12-21,,Active,,72500.0,4,32,4.8,3.3,0.6,Onsite,25
E11192,Lisa King,Female,21,Marketing,Associate,Bachelor's,2024-06-26,,Active,,77100.0,3,26,14.5,3.0,20.4,Remote,16
E11193,Barbara Lewis,Female,32,Engineering,Senior,Bachelor's,2024-09-09,,Active,,144800.0,2,2,13.7,2.9,6.3,Onsite,30
E11194,Eric Sanchez,Male,32,Engineering,Senior,Bachelor's,2025-01-12,,Active,,147500.0,2,19,3.8,3.5,8.3,Onsite,10
E11195,Jessica Anderson,Female,39,HR,Senior,Bachelor's,2019-02-25,,Active,,95400.0,3,32,11.9,2.9,9.7,Onsite,12
E11196,David Hill,Male,48,Sales,Lead,Bachelor's,2021-07-19,,Active,,135500.0,5,27,26.2,3.3,0.9,Hybrid,20
E11197,Karen Williams,Female,48,Customer Support,Manager,Bachelor's,2018-11-19,2024-08-06,Terminated,Involuntary - Restructuring,103200.0,2,63,23.5,2.1,13.4,Hybrid,8
E11198,Thomas Garcia,Male,29,Operations,Entry,Bachelor's,2024-03-02,,Active,,50100.0,2,18,14.4,2.5,0.5,Hybrid,20
E11199,Cynthia Lewis,Female,39,Finance,Senior,Bachelor's,2022-05-26,2024-04-11,Terminated,Voluntary - Better Opportunity,126000.0,3,26,0.5,3.4,5.8,Remote,37
E11200,Ronald Rodriguez,Male,34,Finance,Entry,Master's,2019-03-21,,Active,,73300.0,2,51,9.7,2.5,2.5,Hybrid,29
E11201,Edward Flores,Male,32,Customer Support,Entry,PhD,2025-07-05,2026-04-13,Terminated,Involuntary - Performance,40300.0,4,4,16.3,3.6,9.3,Onsite,14
E11202,Patricia Wilson,Female,37,IT,Lead,PhD,2022-01-10,,Active,,125700.0,4,1,2.8,4.0,1.3,Onsite,40
E11203,Ashley Sanchez,Female,24,Operations,Entry,Master's,2021-02-13,,Active,,46600.0,3,25,8.7,3.6,9.4,Onsite,27
E11204,Cynthia Lee,Female,39,Marketing,Senior,Master's,2021-06-29,,Active,,104500.0,2,7,9.8,3.5,9.5,Onsite,6
E11205,Gary King,Male,28,Marketing,Entry,Bachelor's,2020-09-16,,Active,,66900.0,3,33,8.2,3.4,1.2,Hybrid,33
E11206,Richard Smith,Male,37,Sales,Associate,Bachelor's,2023-05-31,,Active,,85300.0,5,12,12.0,4.7,4.5,Onsite,15
E11207,Rebecca Davis,Female,25,Customer Support,Lead,Bachelor's,2024-06-08,,Active,,82300.0,2,3,23.0,2.7,4.2,Remote,37
E11208,Jeffrey King,Male,27,Engineering,Entry,Bachelor's,2021-08-06,,Active,,86900.0,2,48,12.4,2.4,14.7,Hybrid,43
E11209,Amanda Smith,Female,26,Engineering,Associate,Bachelor's,2021-08-21,2022-01-17,Terminated,Involuntary - Performance,114400.0,4,3,3.4,3.8,14.1,Onsite,17
E11210,David Ramirez,Male,51,Sales,Director,Associate Degree,2022-02-25,,Active,,229800.0,4,26,20.8,2.4,0.5,Onsite,27
E11211,Cynthia Jones,Female,36,Sales,Entry,Master's,2018-10-29,,Active,,66700.0,3,1,10.7,3.1,0.5,Remote,4
E11212,Karen Ramirez,Female,23,Sales,Associate,Associate Degree,2026-01-25,2026-03-14,Terminated,Voluntary - Personal,81700.0,4,7,19.4,3.1,10.9,Onsite,11
E11213,Edward King,Male,37,Sales,Lead,High School,2024-10-17,,Active,,134100.0,5,19,13.5,3.4,11.6,Onsite,37
E11214,Michelle Johnson,Female,43,IT,Associate,Master's,2023-05-30,,Active,,87500.0,4,6,8.4,4.0,15.3,Hybrid,25
E11215,Mark Lee,Male,28,Finance,Entry,Bachelor's,2025-03-02,,Active,,68800.0,2,18,2.5,3.8,15.1,Hybrid,13
E11216,Daniel Garcia,Male,48,Marketing,Manager,Master's,2019-06-13,,Active,,156900.0,4,7,15.5,2.4,6.0,Hybrid,0
E11217,Edward Taylor,Male,41,Engineering,Senior,Associate Degree,2020-11-05,,Active,,153300.0,4,15,5.7,3.9,8.2,Onsite,17
E11218,Gary Johnson,Male,33,IT,Lead,Master's,2023-05-23,,Active,,145300.0,2,0,8.0,3.1,2.9,Remote,16
E11219,David Lopez,Male,29,Customer Support,Entry,Bachelor's,2019-12-31,2024-03-22,Terminated,Involuntary - Performance,42800.0,4,27,27.2,3.3,2.4,Remote,13
E11220,Jennifer Rodriguez,Female,31,Operations,Entry,Master's,2023-03-20,,Active,,49000.0,3,0,20.7,3.0,7.6,Onsite,28
E11221,Sarah Hernandez,Female,41,HR,Senior,Master's,2019-02-02,,Active,,95100.0,4,30,0.0,3.5,8.3,Hybrid,20
E11222,Emily Jones,Female,24,Finance,Entry,High School,2022-04-30,,Active,,70700.0,4,8,9.4,3.7,31.2,Remote,20
E11223,Amanda Williams,Female,32,Sales,Associate,Bachelor's,2019-03-26,2021-04-07,Terminated,Voluntary - Personal,80000.0,5,10,16.5,3.6,6.4,Remote,0
E11224,Ashley Nguyen,Female,41,Customer Support,Manager,Associate Degree,2021-11-12,,Active,,105200.0,1,18,19.8,2.9,4.5,Onsite,26
E11225,Jonathan Brown,Male,37,Sales,Associate,Bachelor's,2024-07-30,,Active,,83900.0,3,14,10.8,3.1,49.5,Remote,39
E11226,Jacob Harris,Male,38,IT,Associate,Bachelor's,2026-01-09,2026-04-13,Terminated,Involuntary - Restructuring,82100.0,4,0,6.2,3.9,12.5,Onsite,10
E11227,Sandra Lopez,Female,29,Finance,Entry,Bachelor's,2026-02-24,,Active,,67600.0,3,6,13.4,2.7,0.8,Remote,25
E11228,Kimberly Harris,Female,45,Marketing,Entry,Master's,2019-10-28,,Active,,62800.0,3,4,7.9,3.0,20.4,Onsite,46
E11229,Jason Smith,Male,38,IT,Entry,Bachelor's,2022-04-28,2022-11-09,Terminated,Voluntary - Personal,68100.0,1,1,13.2,2.3,12.8,Hybrid,16
E11230,Brian Martinez,Male,46,Marketing,Lead,Master's,2019-05-25,,Active,,139300.0,3,9,13.7,2.7,2.3,Hybrid,45
E11231,Amanda Lopez,Female,39,HR,Senior,Bachelor's,2019-07-12,,Active,,93400.0,3,10,6.6,3.3,5.0,Hybrid,25
E11232,Laura Miller,Female,39,Sales,Lead,Bachelor's,2023-09-14,,Active,,123000.0,2,0,15.8,3.2,13.3,Hybrid,5
E11233,Brian Lewis,Male,35,Customer Support,Entry,Associate Degree,2020-12-26,,Active,,45000.0,3,27,9.4,2.8,11.4,Remote,10
E11234,Daniel Martin,Male,38,Marketing,Associate,Bachelor's,2024-01-01,,Active,,81600.0,2,24,15.8,2.2,9.1,Onsite,31
E11235,Nicholas Hernandez,Male,47,Finance,Manager,Bachelor's,2020-09-30,,Active,,184000.0,2,3,0.0,3.3,23.7,Onsite,27
E11236,Ashley Davis,Female,52,Engineering,Senior,Bachelor's,2024-03-30,,Active,,143100.0,2,29,10.7,2.3,0.9,Hybrid,33
E11237,Daniel King,Male,29,Engineering,Associate,Bachelor's,2018-09-15,2021-09-14,Terminated,Involuntary - Restructuring,122000.0,4,26,12.1,3.1,4.8,Hybrid,26
E11238,Brian Jones,Male,42,Customer Support,Senior,PhD,2022-10-06,,Active,,71300.0,3,2,10.7,3.4,11.8,Onsite,40
E11239,Mary Flores,Female,34,Finance,Senior,Associate Degree,2018-09-25,,Active,,123200.0,2,32,3.5,2.2,1.1,Hybrid,24
E11240,Stephanie Gonzalez,Female,27,Marketing,Entry,Bachelor's,2023-08-06,,Active,,58400.0,4,6,5.7,3.8,23.5,Onsite,11
E11241,Jennifer Perez,Female,28,IT,Associate,Bachelor's,2022-01-05,,Active,,89000.0,2,18,11.2,2.9,3.4,Hybrid,8
E11242,Rebecca Williams,Female,40,IT,Senior,Bachelor's,2019-08-29,,Active,,113000.0,1,17,11.3,2.8,15.2,Onsite,37
E11243,Jason Perez,Male,36,Engineering,Entry,Master's,2018-11-12,,Active,,94400.0,2,10,4.1,3.1,5.3,Onsite,17
E11244,William Flores,Male,29,Operations,Senior,Master's,2020-05-05,,Active,,89700.0,2,0,16.3,1.2,38.0,Hybrid,18
E11245,Daniel Gonzalez,Male,28,Engineering,Senior,Bachelor's,2023-12-20,2026-08-20,Terminated,Voluntary - Better Opportunity,155400.0,3,6,21.0,3.4,2.5,Hybrid,33
E11246,Mark Clark,Male,34,IT,Senior,Bachelor's,2021-11-05,,Active,,118000.0,2,11,14.1,3.3,12.8,Hybrid,6
E11247,Michelle Wright,Female,34,Operations,Senior,Master's,2023-06-12,2026-06-21,Terminated,Involuntary - Performance,84000.0,2,39,10.5,1.5,6.8,Remote,23
E11248,Kevin Taylor,Male,42,Customer Support,Senior,Bachelor's,2020-06-05,,Active,,77700.0,5,0,16.9,2.4,7.9,Onsite,16
E11249,Deborah Anderson,Female,35,IT,Associate,Master's,2020-04-03,,Active,,87200.0,3,1,14.9,2.9,5.6,Hybrid,37
E11250,Sharon Garcia,Female,31,IT,Entry,Master's,2025-01-24,,Active,,64100.0,1,1,19.0,3.3,8.2,Remote,16
E11251,Ashley Jones,Female,46,HR,Associate,PhD,2019-05-24,,Active,,77700.0,2,1,8.1,2.6,20.5,Remote,14
E11252,Jonathan Thompson,Male,29,Finance,Associate,Bachelor's,2020-05-10,,Active,,96600.0,2,25,4.6,3.2,8.1,Remote,18
E11253,Richard Scott,Male,21,Marketing,Entry,Associate Degree,2023-10-04,,Active,,60700.0,3,1,0.0,3.2,14.8,Onsite,42
E11254,Christopher Johnson,Male,36,Engineering,Senior,Bachelor's,2019-05-24,,Active,,152200.0,2,42,7.8,2.9,2.9,Hybrid,13
E11255,Deborah Young,Female,39,Finance,Associate,Associate Degree,2019-03-25,,Active,,98500.0,4,5,9.7,3.0,20.5,Remote,7
E11256,Michelle Martinez,Female,34,Operations,Associate,Bachelor's,2021-02-24,2022-04-28,Terminated,Voluntary - Better Opportunity,66000.0,2,44,10.3,3.0,15.6,Hybrid,20
E11257,Sharon Gonzalez,Female,31,Finance,Entry,Associate Degree,2025-09-08,,Active,,66600.0,2,11,2.2,2.5,4.1,Hybrid,21
E11258,Thomas Lewis,Male,28,Sales,Associate,High School,2024-02-26,2026-04-21,Terminated,Voluntary - Personal,83900.0,4,4,8.0,2.3,18.4,Hybrid,39
E11259,Daniel Martin,Male,31,Operations,Senior,Bachelor's,2026-06-14,2026-08-14,Terminated,Voluntary - Personal,85400.0,2,2,13.6,2.5,5.4,Onsite,24
E11260,Gary Thomas,Male,37,Sales,Lead,Bachelor's,2026-04-07,,Active,,122700.0,3,4,14.2,3.2,5.9,Hybrid,10
E11261,Margaret Young,Female,38,HR,Lead,Bachelor's,2019-01-27,,Active,,115700.0,5,4,5.8,4.5,6.1,Remote,17
E11262,Gary Lee,Male,21,Marketing,Entry,Master's,2026-02-21,,Active,,55300.0,2,6,8.7,2.9,13.1,Onsite,19
E11263,Jessica Lee,Female,30,Engineering,Senior,Bachelor's,2021-09-05,,Active,,148500.0,2,17,6.2,4.0,6.2,Remote,26
E11264,Daniel Martin,Male,39,Finance,Director,Bachelor's,2020-09-05,,Active,,260000.0,3,42,12.6,2.8,3.0,Onsite,19
E11265,Jonathan Anderson,Male,45,Operations,Manager,Bachelor's,2020-05-23,,Active,,122800.0,4,20,8.9,4.1,3.7,Onsite,27
E11266,Edward White,Male,37,IT,Lead,Bachelor's,2024-07-02,,Active,,131700.0,1,17,3.6,2.7,7.2,Hybrid,23
E11267,Richard Young,Male,45,Marketing,Director,Master's,2020-02-26,,Active,,222200.0,4,16,7.0,3.8,9.7,Hybrid,24
E11268,Sarah Walker,Female,32,Finance,Associate,Associate Degree,2022-04-20,,Active,,95400.0,4,21,2.4,3.0,2.7,Remote,15
E11269,Kimberly Nguyen,Female,24,Customer Support,Associate,Master's,2022-01-23,2022-10-15,Terminated,Voluntary - Personal,55400.0,3,6,16.7,3.0,0.5,Remote,12
E11270,Sarah Walker,Female,30,Customer Support,Associate,Master's,2020-10-31,,Active,,56000.0,4,37,15.9,2.8,2.6,Remote,20
E11271,David Brown,Male,39,IT,Associate,Associate Degree,2019-07-01,2023-09-27,Terminated,Voluntary - Personal,93000.0,4,9,14.3,3.0,18.6,Hybrid,17
E11272,Ronald Thompson,Male,26,Sales,Associate,Master's,2024-02-18,,Active,,84200.0,3,30,11.8,2.6,24.2,Hybrid,18
E11273,Nancy Allen,Female,33,Customer Support,Associate,Bachelor's,2021-10-08,,Active,,54800.0,4,3,23.9,3.6,19.1,Remote,25
E11274,Deborah Brown,Female,33,Sales,Senior,PhD,2026-07-01,2026-08-09,Terminated,Voluntary - Personal,103900.0,1,1,11.7,2.8,4.0,Remote,6
E11275,Cynthia Garcia,Female,34,Customer Support,Associate,Bachelor's,2019-11-20,2025-05-31,Terminated,Voluntary - Relocation,55400.0,2,8,15.7,2.6,9.6,Onsite,10
E11276,Margaret Walker,Female,35,Engineering,Senior,Master's,2023-12-11,,Active,,146600.0,3,13,13.8,2.4,16.4,Onsite,33
E11277,Daniel Harris,Male,24,Operations,Entry,Bachelor's,2026-07-23,2026-08-22,Terminated,Involuntary - Performance,45800.0,3,1,9.9,2.2,0.5,Hybrid,29
E11278,Richard Martinez,Male,34,Finance,Lead,Bachelor's,2023-04-30,,Active,,148200.0,4,4,3.2,3.6,8.0,Onsite,36
E11279,Stephanie Wilson,Female,35,Customer Support,Associate,Bachelor's,2022-06-15,,Active,,55600.0,3,0,10.0,3.8,4.3,Hybrid,18
E11280,Nicholas Hernandez,Male,26,Finance,Associate,Bachelor's,2022-07-21,,Active,,101600.0,4,1,0.0,3.4,1.9,Hybrid,36
E11281,Brian Moore,Male,38,Finance,Associate,Bachelor's,2019-02-17,,Active,,103800.0,2,25,5.5,2.5,0.9,Onsite,17
E11282,Richard Martin,Male,31,IT,Entry,Master's,2020-05-25,,Active,,71400.0,3,22,9.2,2.2,0.5,Onsite,21
E11283,Laura Martinez,Female,30,Marketing,Associate,Bachelor's,2025-12-26,,Active,,72500.0,1,8,10.8,2.6,20.1,Onsite,26
E11284,Robert Johnson,Male,25,HR,Senior,Bachelor's,2023-12-04,,Active,,94400.0,3,9,6.6,2.8,5.7,Hybrid,27
E11285,Robert Thomas,Male,35,Marketing,Entry,Master's,2018-10-29,,Active,,64700.0,3,33,3.0,3.5,16.6,Onsite,19
E11286,Jason Martin,Male,33,Operations,Manager,High School,2023-04-06,2023-11-17,Terminated,Involuntary - Performance,133300.0,4,19,14.9,2.9,17.3,Hybrid,10
E11287,Richard Sanchez,Male,32,Operations,Lead,Bachelor's,2023-12-07,2025-03-16,Terminated,Involuntary - Restructuring,102600.0,3,3,8.9,2.8,11.2,Hybrid,29
E11288,Jason Harris,Male,27,Sales,Entry,Master's,2023-08-11,2023-12-04,Terminated,Voluntary - Better Opportunity,66000.0,2,3,15.4,3.2,5.1,Onsite,18
E11289,Ronald Williams,Male,36,Operations,Senior,High School,2022-05-15,,Active,,85800.0,3,23,10.8,2.5,8.6,Hybrid,15
E11290,Eric White,Male,42,Operations,Lead,PhD,2023-05-09,2025-10-14,Terminated,Involuntary - Restructuring,105200.0,4,25,18.2,3.9,3.6,Remote,5
E11291,Kimberly Martinez,Female,38,Customer Support,Lead,Bachelor's,2022-08-31,,Active,,80600.0,2,26,14.2,2.6,12.1,Remote,16
E11292,George Lee,Male,21,Engineering,Entry,Master's,2021-10-10,,Active,,92200.0,2,17,11.2,3.7,1.5,Remote,2
E11293,Linda Davis,Female,46,Finance,Lead,Bachelor's,2019-09-16,,Active,,148900.0,2,11,9.5,2.9,9.9,Onsite,25
E11294,Deborah Hernandez,Female,42,Operations,Senior,Associate Degree,2020-11-13,,Active,,83000.0,3,28,8.5,2.8,3.0,Onsite,1
E11295,Jeffrey Lee,Male,32,Sales,Associate,Bachelor's,2021-02-06,,Active,,83900.0,5,12,15.0,3.3,34.9,Hybrid,20
E11296,Brian Perez,Male,36,Finance,Lead,Master's,2024-04-24,,Active,,153800.0,2,28,8.8,2.5,10.1,Remote,18
E11297,Nicholas Martinez,Male,28,Operations,Associate,Bachelor's,2022-12-12,2026-06-15,Terminated,Voluntary - Relocation,66200.0,4,1,4.0,3.8,0.5,Onsite,9
E11298,Emily Perez,Female,40,Engineering,Senior,Associate Degree,2018-11-24,,Active,,152200.0,3,3,12.3,3.4,1.2,Onsite,28
E11299,Robert Harris,Male,33,Marketing,Senior,Bachelor's,2019-08-27,,Active,,112400.0,3,77,8.8,3.2,12.7,Hybrid,11
E11300,John Flores,Male,21,Customer Support,Entry,High School,2023-09-03,,Active,,43000.0,2,17,19.1,2.6,10.1,Onsite,25
E11301,Michael Scott,Male,25,Sales,Associate,Bachelor's,2019-09-20,2022-11-27,Terminated,Voluntary - Better Opportunity,89000.0,2,34,18.4,1.4,0.5,Onsite,12
E11302,Karen Martin,Female,32,Operations,Associate,High School,2020-06-04,2025-04-21,Terminated,Involuntary - Performance,62500.0,3,14,14.8,2.6,0.5,Onsite,10
E11303,Barbara Miller,Female,43,Engineering,Lead,Master's,2019-07-24,,Active,,181500.0,2,11,15.2,3.8,21.7,Onsite,1
E11304,Eric Martin,Male,38,Engineering,Lead,Associate Degree,2025-05-11,,Active,,175500.0,3,15,0.0,4.2,7.1,Hybrid,24
E11305,Steven Lewis,Male,35,Sales,Associate,Associate Degree,2023-10-02,,Active,,85400.0,4,15,17.5,3.7,2.9,Hybrid,23
E11306,Sarah Wright,Female,51,Engineering,Director,Master's,2020-07-02,,Active,,260000.0,3,35,11.5,3.3,22.8,Hybrid,0
E11307,Nicholas Taylor,Male,38,Engineering,Lead,Associate Degree,2022-05-12,,Active,,192400.0,2,9,5.9,2.9,29.0,Remote,28
E11308,Kevin Martin,Male,31,Sales,Associate,Master's,2022-12-13,,Active,,87200.0,3,18,5.4,3.1,5.6,Remote,27
E11309,Robert King,Male,36,HR,Entry,High School,2019-09-14,,Active,,61900.0,3,10,1.6,3.0,0.5,Hybrid,5
E11310,Larry Young,Male,35,Operations,Senior,Master's,2019-01-25,,Active,,92100.0,3,15,10.8,4.0,0.5,Remote,9
E11311,Susan Williams,Female,28,Finance,Associate,PhD,2023-10-03,,Active,,90300.0,2,15,4.2,3.7,16.0,Onsite,19
E11312,William Moore,Male,33,Customer Support,Associate,Master's,2022-05-27,,Active,,55400.0,2,17,13.6,3.1,3.7,Hybrid,17
E11313,Emily Miller,Female,26,Finance,Senior,Bachelor's,2025-06-03,,Active,,120200.0,3,14,0.0,3.9,0.5,Hybrid,18
E11314,Nicholas Williams,Male,41,Finance,Senior,Associate Degree,2022-07-23,2022-09-02,Terminated,Involuntary - Performance,125000.0,2,49,0.5,3.2,15.2,Onsite,28
E11315,Sarah Johnson,Female,28,IT,Senior,Bachelor's,2024-06-24,,Active,,114200.0,4,26,19.3,3.9,14.9,Hybrid,17
E11316,Ryan Smith,Male,33,Engineering,Associate,Master's,2024-06-03,,Active,,113900.0,3,12,16.6,2.8,1.4,Hybrid,26
E11317,Ronald Anderson,Male,21,Sales,Senior,Master's,2025-06-25,,Active,,105600.0,4,14,10.0,2.1,8.4,Onsite,17
E11318,Cynthia Robinson,Female,47,Marketing,Lead,Master's,2023-11-04,,Active,,115000.0,1,34,1.3,2.7,11.1,Onsite,31
E11319,Michelle Hill,Female,36,Finance,Entry,Master's,2019-04-06,,Active,,73400.0,2,22,5.4,3.4,8.6,Onsite,0
E11320,Patricia Sanchez,Female,34,Operations,Associate,High School,2019-06-27,,Active,,63000.0,3,5,6.7,3.3,1.6,Remote,12
E11321,Betty Anderson,Female,38,Sales,Senior,Bachelor's,2021-03-03,,Active,,110800.0,4,9,15.3,3.6,0.9,Onsite,15
E11322,Edward Taylor,Male,22,Customer Support,Entry,Bachelor's,2020-01-13,,Active,,42800.0,3,5,20.9,3.5,1.4,Onsite,25
E11323,Ronald Miller,Male,50,Marketing,Associate,High School,2019-01-25,,Active,,83000.0,2,38,3.6,2.4,1.1,Hybrid,18
E11324,Stephanie Allen,Female,24,Marketing,Entry,Associate Degree,2025-11-30,,Active,,57800.0,3,8,5.2,2.9,4.9,Onsite,19
E11325,Deborah Williams,Female,37,Engineering,Senior,Bachelor's,2026-06-02,,Active,,143400.0,5,2,5.1,3.1,8.2,Onsite,16
E11326,Jeffrey Clark,Male,31,IT,Associate,Bachelor's,2019-08-05,2020-02-05,Terminated,Involuntary - Restructuring,94400.0,4,0,9.9,4.4,0.8,Hybrid,47
E11327,Jacob Sanchez,Male,32,Engineering,Associate,Bachelor's,2024-02-26,,Active,,114400.0,2,15,12.3,2.8,8.6,Hybrid,21
E11328,Eric Thomas,Male,21,Sales,Associate,High School,2026-05-27,,Active,,84200.0,3,3,12.7,2.4,11.3,Hybrid,0
E11329,Sarah Hill,Female,42,Finance,Senior,Bachelor's,2020-06-12,,Active,,125700.0,4,26,0.0,3.5,18.9,Onsite,29
E11330,Stephanie Ramirez,Female,32,Marketing,Senior,Bachelor's,2022-11-07,2023-09-03,Terminated,Involuntary - Performance,98700.0,2,46,20.8,2.3,1.4,Hybrid,29
E11331,James Nguyen,Male,39,Finance,Associate,Bachelor's,2020-05-07,,Active,,98900.0,4,1,9.7,3.0,38.8,Hybrid,14
E11332,Richard Williams,Male,43,Finance,Lead,High School,2022-10-03,,Active,,146300.0,2,12,11.9,3.3,12.2,Hybrid,33
E11333,Kevin Brown,Male,28,Customer Support,Entry,Bachelor's,2025-11-29,2026-06-28,Terminated,Voluntary - Better Opportunity,41800.0,2,9,14.7,2.6,6.1,Onsite,5
E11334,Eric Wright,Male,35,IT,Associate,Master's,2019-05-12,,Active,,95700.0,3,13,15.6,3.4,15.2,Remote,25
E11335,Cynthia Martinez,Female,27,Engineering,Senior,Associate Degree,2025-06-04,,Active,,141900.0,3,13,7.7,2.9,10.4,Remote,8
E11336,Stephanie Johnson,Female,34,Engineering,Lead,Bachelor's,2025-06-24,,Active,,168600.0,2,10,10.0,2.8,0.6,Onsite,0
E11337,Paul Ramirez,Male,25,Sales,Entry,Master's,2025-12-25,2026-07-13,Terminated,Voluntary - Personal,64300.0,3,3,21.5,2.8,26.9,Onsite,20
E11338,Gary Johnson,Male,36,Finance,Associate,Master's,2019-11-26,2020-04-04,Terminated,Voluntary - Better Opportunity,100900.0,3,29,5.2,2.5,4.2,Onsite,21
E11339,Patricia Davis,Female,33,Marketing,Entry,Bachelor's,2019-04-04,,Active,,57600.0,2,8,5.4,3.3,1.4,Hybrid,13
E11340,Ronald Miller,Male,34,Sales,Lead,Bachelor's,2024-07-18,,Active,,124900.0,4,5,22.0,3.2,6.3,Hybrid,5
E11341,Stephanie Johnson,Female,39,Engineering,Senior,Master's,2018-11-18,,Active,,150200.0,3,19,8.7,3.5,6.5,Onsite,30
E11342,Stephen Wilson,Male,31,Finance,Entry,Master's,2018-10-20,,Active,,76500.0,3,6,10.6,3.2,1.6,Onsite,28
E11343,Jessica Lopez,Female,40,Customer Support,Lead,Bachelor's,2019-08-23,,Active,,90200.0,2,7,13.2,2.8,6.5,Onsite,22
E11344,Paul Sanchez,Male,37,Finance,Associate,Bachelor's,2024-10-07,,Active,,93300.0,1,22,9.2,2.7,2.4,Hybrid,33
E11345,Michael Ramirez,Male,29,Customer Support,Senior,Bachelor's,2024-01-11,2026-03-28,Terminated,Voluntary - Better Opportunity,75300.0,2,7,9.6,2.2,10.5,Onsite,23
E11346,Nicholas Lewis,Male,45,IT,Manager,Bachelor's,2021-01-08,,Active,,174200.0,3,11,5.9,3.5,6.1,Hybrid,26
E11347,Thomas Martinez,Male,39,Finance,Senior,High School,2024-05-06,,Active,,127900.0,3,2,5.8,3.0,5.2,Onsite,19
E11348,Ronald Moore,Male,34,Operations,Associate,Master's,2024-07-18,,Active,,61800.0,3,14,11.5,2.7,8.2,Onsite,22
E11349,Emily Lewis,Female,39,Finance,Senior,Bachelor's,2024-06-04,,Active,,116700.0,3,12,6.3,3.4,31.0,Onsite,2
E11350,Paul Allen,Male,28,HR,Associate,Associate Degree,2020-08-24,,Active,,78800.0,3,31,1.0,3.0,3.5,Hybrid,0
E11351,Richard Harris,Male,36,Finance,Associate,Bachelor's,2019-10-29,,Active,,102700.0,3,7,6.5,2.7,1.9,Onsite,18
E11352,Jeffrey Moore,Male,29,Sales,Associate,Bachelor's,2019-10-22,2026-08-08,Terminated,Involuntary - Performance,94800.0,1,0,23.3,2.6,3.0,Onsite,19
E11353,Jason Lee,Male,37,HR,Entry,High School,2020-04-18,,Active,,58200.0,3,3,7.2,3.3,6.4,Hybrid,21
E11354,Michelle Martin,Female,31,HR,Associate,Bachelor's,2021-06-27,,Active,,75200.0,5,29,7.7,3.3,20.9,Onsite,22
E11355,Larry Walker,Male,29,Customer Support,Senior,Bachelor's,2021-09-11,,Active,,74300.0,4,20,15.5,3.1,11.9,Remote,0
E11356,Susan Hill,Female,45,Customer Support,Lead,Bachelor's,2022-09-12,,Active,,80900.0,3,20,18.6,1.9,31.7,Onsite,18
E11357,Jacob White,Male,30,Engineering,Entry,Master's,2020-06-27,,Active,,90400.0,2,17,6.2,2.9,10.8,Remote,20
E11358,Paul Hernandez,Male,37,Sales,Senior,Master's,2024-04-27,,Active,,107700.0,3,5,15.1,3.3,0.5,Onsite,19
E11359,Barbara Flores,Female,31,Marketing,Associate,Bachelor's,2023-03-05,,Active,,76700.0,3,12,2.5,2.7,14.8,Hybrid,20
E11360,Richard Harris,Male,29,Customer Support,Lead,High School,2026-07-16,,Active,,81700.0,3,1,16.8,2.9,10.5,Hybrid,7
E11361,Barbara Martin,Female,38,Engineering,Senior,High School,2023-06-25,,Active,,139800.0,2,26,9.5,2.9,4.8,Hybrid,19
E11362,Carol Torres,Female,27,Customer Support,Associate,Bachelor's,2021-07-05,2022-04-14,Terminated,Voluntary - Better Opportunity,60100.0,3,25,20.3,3.3,0.5,Hybrid,28
E11363,Laura Smith,Female,37,Customer Support,Associate,Bachelor's,2023-02-10,,Active,,56800.0,2,9,15.2,1.9,3.8,Hybrid,20
E11364,James Taylor,Male,34,Customer Support,Manager,Master's,2022-08-04,,Active,,109100.0,1,7,18.3,2.0,10.9,Hybrid,9
E11365,Betty Wilson,Female,43,Customer Support,Lead,Master's,2020-12-02,2021-11-01,Terminated,Involuntary - Performance,87100.0,3,69,13.3,2.8,4.0,Hybrid,8
E11366,Donna Gonzalez,Female,39,Sales,Associate,Bachelor's,2022-01-04,,Active,,83000.0,5,2,15.2,3.4,3.3,Remote,14
E11367,Eric Ramirez,Male,30,Operations,Entry,Associate Degree,2020-09-12,,Active,,50900.0,2,11,18.1,2.8,3.2,Remote,22
E11368,Sandra Hernandez,Female,44,Operations,Director,Bachelor's,2025-12-11,,Active,,151900.0,3,8,13.3,2.2,5.2,Hybrid,25
E11369,Brian Perez,Male,39,Sales,Manager,Associate Degree,2024-08-21,2025-09-26,Terminated,Voluntary - Personal,152400.0,3,1,21.4,2.2,6.8,Onsite,18
E11370,Christopher Walker,Male,29,IT,Senior,Bachelor's,2023-01-14,,Active,,120900.0,2,7,5.9,2.8,9.8,Hybrid,26
E11371,Jason Taylor,Male,42,Marketing,Manager,Bachelor's,2020-02-07,2023-06-24,Terminated,Voluntary - Personal,162800.0,3,23,13.0,2.5,8.6,Onsite,20
E11372,David Harris,Male,33,Engineering,Senior,PhD,2025-02-01,,Active,,144000.0,2,14,17.7,2.8,10.5,Hybrid,22
E11373,Linda Jackson,Female,28,Sales,Entry,Associate Degree,2018-10-28,,Active,,64800.0,1,22,21.0,2.2,6.4,Onsite,8
E11374,Lisa Martin,Female,38,HR,Senior,Master's,2021-07-12,,Active,,94900.0,2,38,8.8,3.8,9.5,Hybrid,13
E11375,Sarah Lewis,Female,30,Operations,Entry,Master's,2022-11-08,,Active,,45500.0,3,23,14.1,3.3,4.4,Onsite,22
E11376,Richard Clark,Male,46,Marketing,Senior,Bachelor's,2021-03-13,2025-09-27,Terminated,Involuntary - Performance,107000.0,2,32,0.0,3.5,4.7,Hybrid,18
E11377,Barbara Nguyen,Female,31,IT,Lead,Bachelor's,2026-05-04,,Active,,134900.0,3,3,9.4,3.8,7.5,Remote,26
E11378,Anthony Jones,Male,52,Engineering,Director,Master's,2023-03-07,,Active,,260000.0,1,2,9.7,3.4,0.5,Remote,8
E11379,Lisa Lee,Female,36,Operations,Associate,Associate Degree,2023-11-25,,Active,,64700.0,1,1,20.1,3.1,1.5,Hybrid,12
E11380,Donna Lopez,Female,36,Customer Support,Senior,Master's,2023-09-25,,Active,,67600.0,4,7,13.0,4.0,4.3,Remote,28
E11381,Edward Lee,Male,30,Sales,Entry,Bachelor's,2020-12-12,,Active,,68700.0,3,35,15.3,2.4,3.5,Onsite,15
E11382,Rebecca Smith,Female,33,Engineering,Entry,Bachelor's,2022-01-22,,Active,,83200.0,4,41,1.0,3.8,57.0,Remote,21
E11383,Gary Robinson,Male,33,Engineering,Associate,High School,2019-05-08,2022-05-09,Terminated,Involuntary - Performance,123500.0,3,11,4.8,3.3,16.3,Onsite,12
E11384,Sarah Torres,Female,23,Operations,Entry,High School,2023-06-15,,Active,,46800.0,3,24,20.0,3.0,60.0,Onsite,17
E11385,Jeffrey Hernandez,Male,30,Finance,Entry,High School,2020-04-22,,Active,,78200.0,2,26,5.8,3.4,0.7,Onsite,9
E11386,Joseph Anderson,Male,42,Marketing,Manager,Master's,2024-10-27,,Active,,144000.0,3,16,5.3,2.6,9.4,Onsite,17
E11387,Gary Sanchez,Male,25,Customer Support,Associate,Bachelor's,2024-12-14,,Active,,56100.0,1,16,16.1,2.9,9.8,Onsite,32
E11388,Elizabeth Moore,Female,25,Sales,Associate,Master's,2024-08-13,,Active,,79500.0,3,14,8.5,1.5,18.5,Hybrid,0
E11389,Edward Jackson,Male,32,Customer Support,Entry,Bachelor's,2019-11-28,,Active,,46300.0,3,9,14.9,3.4,2.2,Hybrid,28
E11390,Melissa Miller,Female,51,IT,Lead,Associate Degree,2018-12-29,,Active,,146000.0,4,9,12.6,3.1,5.3,Remote,33
E11391,Kimberly Robinson,Female,28,Customer Support,Entry,Master's,2023-06-12,2025-02-15,Terminated,Voluntary - Better Opportunity,42400.0,3,14,10.9,3.3,3.5,Hybrid,22
E11392,Stephanie Brown,Female,36,Engineering,Associate,Bachelor's,2023-09-28,,Active,,109700.0,3,35,0.0,3.5,17.1,Hybrid,0
E11393,Brian Martinez,Male,27,Sales,Associate,Master's,2024-06-14,2026-01-31,Terminated,Voluntary - Relocation,84100.0,1,15,15.1,3.4,17.9,Onsite,16
E11394,Deborah Martin,Female,27,Finance,Entry,Bachelor's,2023-07-16,,Active,,67300.0,4,37,7.0,3.1,3.7,Remote,21
E11395,Jennifer Hernandez,Female,31,Sales,Associate,Bachelor's,2023-04-28,,Active,,81300.0,1,26,14.0,3.7,3.6,Hybrid,22
E11396,William Torres,Male,37,Engineering,Associate,Bachelor's,2019-03-28,,Active,,124800.0,4,35,5.4,3.5,10.4,Hybrid,17
E11397,Rebecca Martin,Female,32,Sales,Entry,Master's,2024-02-06,,Active,,56900.0,2,31,13.3,2.4,22.9,Hybrid,15
E11398,Jonathan Allen,Male,39,Customer Support,Senior,Bachelor's,2022-05-28,,Active,,73600.0,3,12,22.8,2.7,2.9,Remote,15
E11399,Mary Martinez,Female,32,Sales,Associate,Associate Degree,2019-04-19,,Active,,84000.0,2,9,15.5,2.7,14.8,Hybrid,20
E11400,Eric Thomas,Male,37,Marketing,Senior,Master's,2024-06-11,,Active,,98400.0,1,26,9.6,3.5,0.5,Hybrid,12
E11401,Nancy Wright,Female,32,HR,Associate,Bachelor's,2020-02-29,,Active,,76700.0,2,1,3.6,2.9,13.5,Remote,20
E11402,Robert Walker,Male,38,Customer Support,Entry,Master's,2019-09-29,2021-06-18,Terminated,Voluntary - Better Opportunity,47300.0,2,8,16.4,2.8,2.0,Onsite,25
E11403,Betty Ramirez,Female,28,Finance,Associate,Bachelor's,2025-11-27,,Active,,89000.0,4,9,14.3,3.8,3.1,Onsite,16
E11404,Richard White,Male,38,IT,Senior,Associate Degree,2025-08-23,,Active,,115500.0,2,12,5.3,3.7,2.5,Onsite,20
E11405,Elizabeth White,Female,29,Customer Support,Associate,Associate Degree,2018-09-07,2024-10-28,Terminated,Involuntary - Restructuring,58200.0,3,39,13.0,2.6,2.7,Hybrid,0
E11406,Brian Williams,Male,30,Marketing,Senior,Associate Degree,2026-06-20,2026-08-12,Terminated,Voluntary - Relocation,97900.0,3,2,2.1,3.6,3.2,Onsite,33
E11407,James Thomas,Male,46,Sales,Manager,Master's,2020-05-10,,Active,,172600.0,4,1,16.6,3.6,3.1,Hybrid,9
E11408,Thomas Perez,Male,23,HR,Associate,Bachelor's,2024-01-26,,Active,,75300.0,2,0,0.0,3.6,17.7,Onsite,12
E11409,Carol Garcia,Female,28,Marketing,Entry,Bachelor's,2024-05-25,,Active,,56300.0,3,10,17.3,2.8,0.5,Remote,34
E11410,Edward Thomas,Male,43,Operations,Manager,Bachelor's,2019-11-16,2024-06-24,Terminated,Voluntary - Relocation,131500.0,3,6,10.3,3.1,2.8,Hybrid,7
E11411,James Martinez,Male,21,Engineering,Entry,Master's,2023-01-21,,Active,,84600.0,3,12,6.8,3.3,1.2,Hybrid,17
E11412,Carol Hernandez,Female,26,IT,Associate,Bachelor's,2025-06-24,,Active,,84900.0,5,14,0.8,3.5,0.5,Hybrid,10
E11413,Cynthia Lewis,Female,45,Engineering,Manager,Bachelor's,2024-01-10,,Active,,198300.0,3,31,14.7,3.8,10.3,Hybrid,13
E11414,Rebecca Rodriguez,Female,21,Engineering,Entry,High School,2024-04-10,2026-05-30,Terminated,Voluntary - Better Opportunity,81700.0,2,5,12.0,3.4,1.8,Hybrid,33
E11415,Sandra Flores,Female,21,Engineering,Entry,Bachelor's,2024-09-09,,Active,,77400.0,3,8,8.4,3.2,4.2,Hybrid,14
E11416,Mary King,Female,39,HR,Senior,Associate Degree,2022-12-16,,Active,,93300.0,4,0,0.0,5.0,2.9,Hybrid,32
E11417,Steven Moore,Male,25,HR,Associate,Bachelor's,2021-08-22,,Active,,77000.0,3,60,4.6,2.9,0.5,Onsite,19
E11418,Michael Lopez,Male,46,Finance,Lead,Associate Degree,2019-10-15,,Active,,160000.0,2,20,10.5,2.9,4.6,Hybrid,6
E11419,Edward Gonzalez,Male,32,Engineering,Associate,Bachelor's,2024-04-02,,Active,,110400.0,3,0,7.9,4.8,1.2,Onsite,47
E11420,Nicholas Clark,Male,32,Engineering,Lead,Bachelor's,2022-11-04,,Active,,179600.0,3,11,14.9,3.8,0.5,Hybrid,29
E11421,Jennifer Taylor,Female,30,Operations,Senior,Master's,2026-04-30,,Active,,81000.0,3,3,4.7,4.0,21.5,Hybrid,27
E11422,Richard Garcia,Male,32,Customer Support,Associate,Master's,2021-04-07,,Active,,61400.0,3,9,21.3,1.9,4.6,Remote,32
E11423,Jennifer Miller,Female,33,Sales,Senior,High School,2023-04-10,,Active,,109600.0,4,0,14.6,2.6,17.1,Onsite,20
E11424,Stephen White,Male,38,HR,Entry,High School,2018-10-26,,Active,,56700.0,3,20,1.1,3.4,0.5,Hybrid,16
E11425,Paul Williams,Male,41,Marketing,Associate,PhD,2022-10-27,,Active,,86200.0,4,2,8.8,3.4,19.0,Hybrid,9
E11426,Melissa Brown,Female,49,Marketing,Director,Bachelor's,2022-06-01,,Active,,207500.0,2,12,10.7,3.0,13.9,Hybrid,16
E11427,Kimberly Nguyen,Female,28,Operations,Associate,Associate Degree,2020-10-06,,Active,,64900.0,4,5,7.6,3.7,4.1,Onsite,19
E11428,Linda Jones,Female,29,Finance,Entry,Bachelor's,2025-04-07,,Active,,68000.0,3,16,3.2,3.6,0.5,Onsite,21
E11429,Thomas Perez,Male,34,IT,Associate,Associate Degree,2022-06-12,,Active,,97300.0,2,19,5.8,2.5,6.9,Hybrid,27
E11430,Jacob Nguyen,Male,32,Sales,Entry,Master's,2025-09-13,,Active,,58600.0,3,11,15.0,2.7,1.4,Onsite,30
E11431,Margaret Torres,Female,36,Customer Support,Senior,High School,2019-09-26,,Active,,73900.0,3,27,19.2,3.2,1.7,Onsite,33
E11432,Mary Taylor,Female,21,IT,Entry,High School,2025-02-07,,Active,,64900.0,3,1,10.4,2.7,3.5,Hybrid,23
E11433,William White,Male,41,Operations,Senior,High School,2018-12-05,2021-04-05,Terminated,Involuntary - Performance,88700.0,3,30,12.1,2.6,8.4,Hybrid,26
E11434,Nancy White,Female,34,Customer Support,Associate,Bachelor's,2023-12-03,,Active,,55600.0,1,6,19.6,2.8,9.5,Hybrid,14
E11435,Cynthia Perez,Female,30,Finance,Senior,High School,2022-12-19,,Active,,118700.0,3,36,9.4,4.1,1.2,Onsite,24
E11436,Amanda Perez,Female,30,Customer Support,Associate,High School,2020-05-13,,Active,,57100.0,2,10,15.1,3.3,46.9,Onsite,23
E11437,Sharon Smith,Female,31,Customer Support,Associate,Bachelor's,2023-02-19,,Active,,56900.0,4,29,9.4,3.4,6.6,Remote,19
E11438,Ryan Lewis,Male,31,Engineering,Associate,Master's,2021-12-13,,Active,,125000.0,2,18,11.4,3.5,1.0,Remote,0
E11439,Laura Moore,Female,39,Finance,Associate,Bachelor's,2021-09-25,,Active,,93600.0,3,6,0.0,3.8,1.7,Hybrid,26
E11440,Sandra Jones,Female,27,Engineering,Entry,Master's,2024-10-24,,Active,,78000.0,3,3,8.1,2.7,8.3,Hybrid,9
E11441,Carol Moore,Female,23,Sales,Associate,Bachelor's,2025-09-11,,Active,,80300.0,1,9,14.8,2.9,19.7,Hybrid,30
E11442,Stephen Clark,Male,31,Customer Support,Associate,Master's,2021-02-02,,Active,,61400.0,3,11,14.9,3.7,3.7,Onsite,33
E11443,Barbara Harris,Female,33,Engineering,Entry,Bachelor's,2023-06-25,,Active,,83700.0,3,24,3.2,3.1,3.5,Hybrid,16
E11444,Ryan Ramirez,Male,46,Customer Support,Senior,Master's,2021-07-17,2024-09-12,Terminated,Voluntary - Personal,72300.0,2,11,9.2,3.8,1.5,Onsite,11
E11445,Kevin Young,Male,51,Sales,Lead,Master's,2024-10-13,,Active,,126800.0,2,22,13.2,3.9,2.2,Onsite,10
E11446,Jonathan Davis,Male,29,Engineering,Associate,Master's,2024-03-04,,Active,,113000.0,2,8,0.0,2.8,19.5,Remote,13
E11447,Linda Hernandez,Female,25,IT,Associate,Bachelor's,2022-07-16,,Active,,88100.0,4,21,12.1,3.8,13.1,Hybrid,19
E11448,Mark Rodriguez,Male,45,Engineering,Lead,Bachelor's,2019-10-20,,Active,,193200.0,3,3,15.1,2.5,30.6,Onsite,29
E11449,Lisa Flores,Female,38,Customer Support,Entry,High School,2018-10-19,,Active,,42700.0,4,33,15.5,3.8,2.0,Onsite,7
E11450,Ryan Rodriguez,Male,39,Engineering,Senior,Associate Degree,2021-10-29,,Active,,152500.0,2,11,3.3,2.5,4.0,Hybrid,0
E11451,Michael Williams,Male,35,Sales,Senior,Associate Degree,2023-12-08,,Active,,109900.0,2,33,22.2,2.6,4.9,Remote,22
E11452,David Torres,Male,29,Sales,Associate,Master's,2022-04-02,2022-08-31,Terminated,Involuntary - Performance,86000.0,4,8,11.2,3.5,1.0,Onsite,10
E11453,Cynthia Ramirez,Female,42,Sales,Lead,Associate Degree,2025-02-14,2026-06-23,Terminated,Voluntary - Better Opportunity,123000.0,4,10,18.9,3.2,1.1,Onsite,20
E11454,Eric Moore,Male,37,Engineering,Lead,Master's,2024-07-16,,Active,,184200.0,3,5,5.8,3.8,3.7,Hybrid,41
E11455,Linda Williams,Female,37,IT,Lead,Master's,2024-03-02,,Active,,136600.0,1,18,7.4,3.4,0.5,Onsite,16
E11456,Eric Lewis,Male,34,Sales,Senior,Bachelor's,2023-06-22,2026-06-27,Terminated,Involuntary - Performance,117500.0,3,13,11.8,3.3,4.3,Remote,23
E11457,Stephen Garcia,Male,29,Finance,Associate,Bachelor's,2023-11-08,2026-07-10,Terminated,Voluntary - Personal,96800.0,3,25,6.4,3.1,10.3,Hybrid,22
E11458,Kevin Rodriguez,Male,37,Sales,Senior,Bachelor's,2019-08-22,,Active,,114900.0,3,10,10.1,3.2,16.6,Onsite,13
E11459,Christopher Clark,Male,25,Operations,Associate,Bachelor's,2023-03-18,,Active,,66200.0,3,19,10.4,2.4,2.9,Hybrid,27
E11460,Kimberly King,Female,23,Engineering,Associate,Bachelor's,2025-09-18,,Active,,105000.0,3,9,15.2,3.4,21.8,Hybrid,14
E11461,George Gonzalez,Male,33,HR,Entry,Master's,2026-04-24,,Active,,53100.0,2,4,16.3,3.2,9.6,Hybrid,7
E11462,Carol Garcia,Female,44,Customer Support,Senior,Bachelor's,2020-12-04,,Active,,68600.0,4,1,17.3,3.5,2.0,Onsite,16
E11463,Michael Scott,Male,43,Engineering,Senior,Bachelor's,2025-11-14,,Active,,145800.0,3,9,11.4,3.4,9.0,Hybrid,14
E11464,Barbara Brown,Female,34,Sales,Associate,Bachelor's,2019-06-13,,Active,,84300.0,5,15,11.8,3.0,2.1,Onsite,9
E11465,Donna Perez,Female,24,Marketing,Entry,Associate Degree,2024-01-31,,Active,,61500.0,4,31,4.2,4.3,14.1,Onsite,24
E11466,Donna White,Female,40,HR,Senior,Master's,2019-04-06,,Active,,96000.0,3,4,16.7,2.9,2.3,Onsite,23
E11467,Jacob Thompson,Male,27,IT,Entry,Master's,2019-01-25,,Active,,66100.0,3,40,7.9,2.9,10.3,Onsite,16
E11468,Daniel Sanchez,Male,31,Engineering,Associate,Master's,2023-07-29,,Active,,116300.0,3,3,8.1,3.6,1.3,Onsite,15
E11469,Thomas Rodriguez,Male,36,Sales,Senior,Bachelor's,2026-04-16,,Active,,116700.0,3,4,22.2,3.2,4.0,Onsite,20
E11470,Gary Smith,Male,40,Engineering,Senior,Bachelor's,2023-12-17,,Active,,152800.0,1,29,7.4,2.8,18.8,Hybrid,16
E11471,Brian Lopez,Male,45,Operations,Lead,Bachelor's,2019-07-01,2022-05-25,Terminated,Voluntary - Better Opportunity,111900.0,3,25,18.9,2.2,19.7,Remote,28
E11472,Nancy Torres,Female,27,Customer Support,Entry,Bachelor's,2020-11-24,,Active,,44100.0,3,25,10.9,4.1,11.3,Remote,23
E11473,James King,Male,27,Sales,Entry,Master's,2020-10-25,,Active,,66900.0,2,41,14.8,2.2,9.8,Onsite,4
E11474,Stephanie Torres,Female,38,Customer Support,Senior,Bachelor's,2025-05-26,,Active,,69400.0,3,7,11.1,4.0,7.8,Onsite,14
E11475,Mary Gonzalez,Female,31,Sales,Associate,PhD,2019-11-23,2022-10-10,Terminated,Voluntary - Better Opportunity,88300.0,2,7,5.6,3.3,6.9,Hybrid,1
E11476,Stephen Lee,Male,45,Finance,Director,Master's,2023-07-31,,Active,,247400.0,2,19,12.9,2.3,60.0,Hybrid,27
E11477,William Clark,Male,39,Finance,Lead,Master's,2025-08-04,,Active,,146100.0,3,12,5.9,3.4,18.1,Remote,29
E11478,Eric Nguyen,Male,36,Operations,Associate,Bachelor's,2022-08-12,,Active,,65500.0,2,13,17.6,1.8,16.9,Hybrid,18
E11479,George Torres,Male,34,Engineering,Entry,PhD,2019-03-08,,Active,,86400.0,3,3,3.7,3.4,6.9,Onsite,3
E11480,Edward Johnson,Male,33,Operations,Senior,Bachelor's,2024-12-24,,Active,,83800.0,2,7,15.8,3.9,6.4,Onsite,12
E11481,George Garcia,Male,21,Marketing,Senior,High School,2022-07-02,,Active,,106500.0,2,24,12.2,3.5,19.6,Hybrid,11
E11482,Stephen Martin,Male,24,Customer Support,Associate,Bachelor's,2025-10-13,2026-02-01,Terminated,Involuntary - Restructuring,56700.0,3,10,16.3,3.3,1.0,Onsite,19
E11483,Betty Harris,Female,26,Operations,Entry,Associate Degree,2023-08-25,,Active,,43700.0,1,2,12.3,2.3,10.9,Hybrid,17
E11484,George Lee,Male,28,HR,Associate,Bachelor's,2025-12-11,2026-06-24,Terminated,Voluntary - Relocation,70000.0,2,0,3.6,3.3,8.1,Onsite,33
E11485,Jeffrey Flores,Male,21,Finance,Entry,Bachelor's,2022-11-10,,Active,,72800.0,4,9,9.1,2.5,4.3,Hybrid,14
E11486,Laura Taylor,Female,39,Customer Support,Senior,Master's,2025-06-21,,Active,,71800.0,2,2,16.9,2.7,25.2,Onsite,9
E11487,Jason Moore,Male,33,Marketing,Associate,Associate Degree,2022-04-22,,Active,,82600.0,1,33,14.5,1.0,0.6,Hybrid,21
E11488,Jonathan Johnson,Male,23,Marketing,Associate,Master's,2023-11-15,,Active,,81100.0,3,2,15.5,3.3,3.1,Remote,28
E11489,Christopher Ramirez,Male,37,Operations,Lead,Bachelor's,2022-10-29,,Active,,107200.0,3,1,26.5,2.8,2.4,Onsite,32
E11490,Margaret King,Female,32,Finance,Entry,Bachelor's,2022-01-30,,Active,,67600.0,3,12,6.9,3.6,0.9,Remote,15
E11491,Larry Johnson,Male,22,Operations,Senior,Master's,2026-04-04,,Active,,78600.0,4,4,11.6,3.8,7.3,Hybrid,23
E11492,Ashley King,Female,21,Sales,Entry,Bachelor's,2023-08-02,,Active,,59600.0,2,1,11.3,2.8,7.9,Onsite,15
E11493,David Lopez,Male,34,Operations,Associate,Bachelor's,2022-08-29,,Active,,66600.0,4,5,9.9,3.4,11.9,Hybrid,5
E11494,Christopher Sanchez,Male,27,Sales,Senior,Bachelor's,2025-01-02,2026-07-03,Terminated,Voluntary - Better Opportunity,112000.0,4,13,13.8,3.5,7.2,Onsite,19
E11495,Edward Hernandez,Male,36,Finance,Entry,Bachelor's,2022-09-30,,Active,,76400.0,4,29,6.2,3.2,6.5,Hybrid,33
E11496,Patricia Nguyen,Female,27,Sales,Entry,High School,2020-02-20,,Active,,64600.0,3,46,18.2,1.8,3.2,Onsite,23
E11497,Christopher Jackson,Male,28,Finance,Entry,Master's,2019-04-13,,Active,,70500.0,2,11,4.4,3.9,8.3,Hybrid,31
E11498,Edward Hernandez,Male,32,Finance,Senior,Bachelor's,2023-07-08,,Active,,124200.0,4,9,15.1,2.7,9.0,Hybrid,8
E11499,Jessica Jackson,Female,26,IT,Associate,Master's,2023-07-30,,Active,,83600.0,3,1,6.4,3.7,4.0,Onsite,33
E11500,Robert Scott,Male,27,Sales,Senior,Bachelor's,2026-05-11,,Active,,101700.0,3,1,17.4,2.8,1.2,Remote,16
E11501,Kimberly Williams,Female,37,Operations,Associate,Bachelor's,2023-02-16,2026-03-13,Terminated,Involuntary - Performance,61800.0,3,4,6.1,3.9,0.5,Onsite,30
E11502,Sandra Thompson,Female,30,Engineering,Entry,High School,2018-10-01,,Active,,90900.0,3,18,13.3,3.3,40.6,Hybrid,11
E11503,Jessica Smith,Female,29,Sales,Entry,Master's,2026-01-26,,Active,,57500.0,3,7,11.3,3.2,0.8,Hybrid,21
E11504,Nicholas Johnson,Male,32,Engineering,Associate,Bachelor's,2021-03-26,,Active,,121300.0,4,7,13.5,3.5,22.0,Onsite,17
E11505,Stephanie Torres,Female,26,Operations,Entry,Bachelor's,2021-08-13,2026-07-08,Terminated,Involuntary - Performance,48200.0,3,36,20.3,2.6,3.5,Hybrid,18
E11506,Laura Smith,Female,24,Engineering,Entry,Associate Degree,2023-06-08,,Active,,83100.0,2,39,5.0,3.2,3.0,Onsite,10
E11507,Thomas Rodriguez,Male,35,Engineering,Manager,Bachelor's,2025-02-24,,Active,,209600.0,5,17,9.6,3.0,4.3,Hybrid,32
E11508,Anthony King,Male,32,Finance,Associate,High School,2025-05-22,,Active,,95000.0,4,1,1.8,5.0,26.2,Onsite,20
E11509,Nancy Clark,Female,24,Sales,Entry,Bachelor's,2018-10-21,,Active,,65400.0,3,15,5.3,3.3,0.5,Onsite,6
E11510,Mark Johnson,Male,46,Engineering,Lead,Associate Degree,2018-09-15,,Active,,201300.0,3,3,10.5,2.6,9.1,Onsite,29
E11511,Brian Wilson,Male,35,Operations,Associate,Bachelor's,2025-08-25,,Active,,65400.0,3,12,11.4,3.4,7.0,Onsite,36
E11512,Deborah Lee,Female,37,Engineering,Associate,Master's,2025-01-08,,Active,,115400.0,3,3,10.8,3.3,8.2,Onsite,1
E11513,Anthony King,Male,33,IT,Associate,Bachelor's,2022-12-26,,Active,,90800.0,2,15,11.8,4.0,4.9,Onsite,10
E11514,Stephen Scott,Male,29,IT,Lead,Bachelor's,2025-06-26,,Active,,136600.0,4,7,11.8,2.9,16.0,Remote,18
E11515,Jonathan Young,Male,25,Finance,Associate,Bachelor's,2023-09-11,,Active,,93600.0,3,2,6.9,2.4,4.4,Onsite,21
E11516,Cynthia Ramirez,Female,26,Engineering,Associate,Master's,2026-01-30,,Active,,107600.0,3,6,2.5,3.6,7.3,Hybrid,37
E11517,Amanda Jones,Female,40,Customer Support,Associate,Bachelor's,2018-10-16,,Active,,56900.0,3,12,17.2,3.4,11.2,Onsite,25
E11518,Richard Davis,Male,39,Operations,Manager,High School,2025-03-17,2026-06-13,Terminated,Involuntary - Performance,122700.0,4,15,9.9,4.0,22.0,Onsite,20
E11519,Robert Robinson,Male,36,Engineering,Associate,Bachelor's,2020-02-17,,Active,,125000.0,2,18,5.0,4.2,0.6,Hybrid,0
E11520,Elizabeth Perez,Female,43,Customer Support,Associate,PhD,2024-11-04,,Active,,55900.0,4,19,14.5,2.6,5.3,Hybrid,9
E11521,Ronald Robinson,Male,44,Engineering,Senior,Bachelor's,2018-12-31,,Active,,161600.0,3,1,12.9,3.5,32.6,Onsite,25
E11522,Kevin Scott,Male,30,Customer Support,Associate,High School,2025-05-07,,Active,,54400.0,3,4,10.6,3.6,9.9,Hybrid,17
E11523,Larry Lewis,Male,46,Operations,Director,Bachelor's,2024-03-13,,Active,,170000.0,5,10,7.2,3.4,7.8,Hybrid,24
E11524,Linda Moore,Female,39,Operations,Senior,Master's,2020-02-13,2023-05-23,Terminated,Involuntary - Performance,92100.0,2,6,4.5,3.3,4.1,Onsite,27
E11525,James Lewis,Male,28,Engineering,Entry,Bachelor's,2020-07-19,,Active,,86000.0,2,26,7.0,3.7,0.5,Hybrid,26
E11526,Emily Nguyen,Female,48,Engineering,Lead,High School,2019-06-08,,Active,,191700.0,3,7,7.7,3.2,23.2,Remote,24
E11527,Donna Wright,Female,30,Finance,Entry,Bachelor's,2019-05-08,,Active,,72300.0,1,0,0.0,2.8,0.9,Onsite,25
E11528,Edward Rodriguez,Male,33,Engineering,Lead,PhD,2023-10-23,,Active,,172400.0,1,30,14.2,3.0,1.9,Onsite,11
E11529,Daniel Nguyen,Male,33,Finance,Associate,High School,2018-11-24,,Active,,100600.0,5,2,12.5,2.9,8.5,Hybrid,32
E11530,Brian Williams,Male,26,Engineering,Senior,Master's,2022-08-28,,Active,,153800.0,5,34,4.1,3.5,5.1,Hybrid,25
E11531,Gary Thomas,Male,39,Operations,Associate,Master's,2019-06-08,,Active,,65500.0,3,6,9.1,3.4,45.4,Hybrid,26
E11532,Thomas King,Male,39,Marketing,Senior,Bachelor's,2022-03-14,2023-09-21,Terminated,Voluntary - Personal,109500.0,4,14,8.5,3.2,6.1,Hybrid,37
E11533,Deborah Lopez,Female,54,Marketing,Lead,Bachelor's,2018-12-25,,Active,,131400.0,1,0,11.1,2.3,3.0,Hybrid,19
E11534,Karen Lopez,Female,30,Operations,Entry,Associate Degree,2026-03-28,,Active,,45300.0,3,5,13.6,2.5,48.6,Hybrid,24
E11535,Susan Lopez,Female,31,IT,Senior,Master's,2024-11-22,,Active,,103800.0,3,3,15.3,3.0,3.2,Onsite,0
E11536,Sarah Johnson,Female,21,Engineering,Entry,Master's,2026-05-17,2026-06-22,Terminated,Involuntary - Restructuring,78800.0,2,3,0.0,3.6,11.0,Onsite,19
E11537,Ronald Young,Male,38,IT,Lead,Bachelor's,2023-05-06,,Active,,145100.0,3,36,7.3,2.9,9.8,Hybrid,30
E11538,Ashley Gonzalez,Female,48,HR,Director,High School,2024-06-25,,Active,,183100.0,2,26,7.3,2.4,18.4,Hybrid,25
E11539,Ashley Williams,Female,33,Engineering,Senior,Bachelor's,2024-06-25,,Active,,142800.0,3,24,2.4,3.6,1.1,Onsite,4
E11540,Jessica Walker,Female,39,Engineering,Senior,Bachelor's,2026-06-20,,Active,,132300.0,3,2,10.9,3.0,1.5,Onsite,19
E11541,Jessica Wilson,Female,28,Customer Support,Senior,Bachelor's,2026-07-01,,Active,,70200.0,2,1,13.2,3.7,1.0,Onsite,20
E11542,Gary Scott,Male,34,Marketing,Entry,Bachelor's,2022-09-30,,Active,,60900.0,3,25,8.9,2.9,10.6,Hybrid,8
E11543,Laura Jones,Female,39,Operations,Manager,Master's,2021-01-28,,Active,,121900.0,3,24,3.6,3.5,14.7,Remote,31
E11544,Jacob Jackson,Male,49,HR,Senior,Bachelor's,2019-02-28,2022-04-29,Terminated,Involuntary - Performance,108300.0,2,6,4.7,3.7,11.8,Onsite,11
E11545,Donna Harris,Female,34,Engineering,Lead,Master's,2023-06-24,,Active,,170400.0,3,28,9.9,2.8,36.2,Hybrid,19
E11546,Donna White,Female,32,Operations,Associate,Master's,2022-08-01,,Active,,64700.0,2,17,7.0,3.2,0.5,Hybrid,18
E11547,Donna Young,Female,39,Operations,Lead,Bachelor's,2018-09-26,,Active,,102000.0,1,28,17.9,3.3,0.5,Remote,20
E11548,Daniel Ramirez,Male,29,Operations,Associate,Bachelor's,2024-04-03,,Active,,63900.0,4,6,16.5,3.7,5.3,Remote,8
E11549,Jennifer Wright,Female,31,Sales,Associate,Master's,2018-12-21,,Active,,93600.0,4,1,14.1,3.9,3.7,Onsite,11
E11550,Anthony Jones,Male,30,Customer Support,Senior,Bachelor's,2021-06-18,2022-11-14,Terminated,Voluntary - Relocation,78600.0,3,29,18.2,3.3,4.0,Hybrid,16
E11551,David King,Male,43,Customer Support,Lead,Bachelor's,2024-10-29,,Active,,85300.0,2,7,20.8,2.8,1.6,Onsite,16
E11552,Michael Torres,Male,45,Engineering,Senior,Bachelor's,2026-03-09,2026-06-02,Terminated,Voluntary - Better Opportunity,140700.0,3,5,2.6,4.2,0.5,Remote,21
E11553,Gary Martinez,Male,34,Finance,Associate,Bachelor's,2018-09-29,,Active,,100300.0,5,1,1.9,4.1,4.7,Onsite,34
E11554,Mark Smith,Male,48,Engineering,Director,Master's,2020-10-05,,Active,,260000.0,3,71,11.7,2.7,7.0,Onsite,15
E11555,Sandra Flores,Female,37,Sales,Associate,Master's,2018-11-10,2023-09-10,Terminated,Involuntary - Performance,86600.0,3,4,12.2,3.2,5.2,Hybrid,21
E11556,Betty Davis,Female,32,Customer Support,Lead,Bachelor's,2025-09-17,,Active,,80300.0,2,1,16.7,2.2,4.7,Remote,5
E11557,Christopher Lopez,Male,38,Sales,Senior,Bachelor's,2021-03-22,,Active,,111900.0,1,19,19.3,3.0,1.6,Remote,28
E11558,Larry Hill,Male,26,IT,Entry,Master's,2024-04-15,,Active,,66600.0,3,17,6.6,2.9,17.6,Onsite,8
E11559,Margaret Anderson,Female,35,IT,Senior,Bachelor's,2019-07-16,,Active,,113500.0,4,7,5.7,3.9,15.9,Remote,37
E11560,Gary Young,Male,35,Customer Support,Entry,Associate Degree,2019-12-01,,Active,,43000.0,3,4,18.7,2.7,18.0,Remote,28
E11561,Robert Gonzalez,Male,26,IT,Entry,Associate Degree,2022-10-15,,Active,,71700.0,2,13,10.4,3.0,2.3,Onsite,16
E11562,Mark Clark,Male,32,Operations,Associate,Bachelor's,2025-11-19,2026-01-14,Terminated,Involuntary - Performance,64900.0,4,6,24.0,2.5,3.4,Onsite,24
E11563,Lisa Garcia,Female,37,Customer Support,Associate,Bachelor's,2019-05-05,,Active,,56200.0,4,3,16.1,4.3,1.4,Onsite,24
E11564,Laura Thompson,Female,31,Engineering,Associate,Master's,2023-01-15,,Active,,113200.0,3,17,9.7,2.6,1.2,Onsite,28
E11565,Mark Davis,Male,51,Marketing,Manager,Bachelor's,2019-08-13,,Active,,171300.0,3,1,2.0,3.3,4.1,Hybrid,8
E11566,Edward Torres,Male,43,Finance,Senior,Associate Degree,2019-08-08,,Active,,134200.0,3,42,5.6,4.0,13.8,Hybrid,25
E11567,James Smith,Male,31,Marketing,Entry,Bachelor's,2022-10-06,,Active,,58000.0,2,47,7.5,3.2,26.4,Onsite,23
E11568,Jason Gonzalez,Male,40,Finance,Manager,Bachelor's,2022-10-27,,Active,,178000.0,4,2,10.3,3.2,0.5,Hybrid,13
E11569,Ronald Garcia,Male,33,Sales,Entry,Bachelor's,2021-11-14,,Active,,65600.0,4,1,10.7,3.9,3.3,Remote,15
E11570,Larry Nguyen,Male,28,Customer Support,Senior,Bachelor's,2026-02-25,2026-08-11,Terminated,Voluntary - Personal,75000.0,2,6,6.3,3.7,3.6,Onsite,17
E11571,Rebecca Anderson,Female,22,Customer Support,Associate,Bachelor's,2023-09-21,,Active,,53300.0,5,18,24.5,3.5,0.5,Hybrid,14
E11572,Mary Gonzalez,Female,28,Customer Support,Entry,Bachelor's,2024-09-09,,Active,,41700.0,4,1,16.5,4.0,7.1,Hybrid,37
E11573,Brian Gonzalez,Male,41,Finance,Senior,Bachelor's,2019-11-18,,Active,,128200.0,3,8,8.4,4.4,3.1,Remote,21
E11574,Michael Rodriguez,Male,39,Sales,Senior,Associate Degree,2018-12-24,,Active,,121600.0,3,9,9.1,4.4,26.4,Hybrid,6
E11575,Steven Davis,Male,24,Operations,Associate,Associate Degree,2026-06-21,,Active,,64400.0,3,2,5.3,3.5,1.1,Onsite,25
E11576,Patricia Smith,Female,26,Engineering,Associate,Associate Degree,2026-06-04,,Active,,110300.0,2,2,5.8,3.1,11.0,Hybrid,21
E11577,Cynthia Miller,Female,29,Customer Support,Associate,Bachelor's,2025-09-01,,Active,,52100.0,2,8,24.8,3.9,8.7,Hybrid,29
E11578,David Rodriguez,Male,26,Finance,Associate,Bachelor's,2021-08-19,,Active,,97600.0,4,4,6.8,3.5,13.7,Onsite,16
E11579,Carol Scott,Female,32,Customer Support,Entry,PhD,2020-07-25,,Active,,42400.0,4,5,12.4,2.8,19.3,Onsite,25
E11580,Barbara Clark,Female,40,Customer Support,Lead,Master's,2021-02-15,2023-08-13,Terminated,Voluntary - Better Opportunity,88100.0,2,9,19.7,3.4,9.1,Remote,12
E11581,Jason Miller,Male,21,IT,Entry,Associate Degree,2026-02-25,,Active,,65000.0,2,6,6.4,3.9,6.7,Onsite,8
E11582,Ryan Clark,Male,27,Marketing,Associate,Bachelor's,2024-03-03,,Active,,83200.0,3,2,6.7,4.0,12.1,Hybrid,10
E11583,Laura Flores,Female,26,Customer Support,Associate,Bachelor's,2021-06-03,2026-03-25,Terminated,Involuntary - Restructuring,58900.0,4,51,16.2,2.5,2.8,Hybrid,2
E11584,Christopher Sanchez,Male,29,Sales,Lead,High School,2025-09-17,,Active,,124900.0,4,3,12.3,4.0,9.6,Remote,3
E11585,Melissa Garcia,Female,45,Sales,Lead,Bachelor's,2020-11-28,,Active,,140300.0,2,13,12.7,3.0,2.1,Onsite,24
E11586,Brian Thomas,Male,23,Marketing,Associate,High School,2025-10-18,,Active,,84500.0,5,10,0.0,4.6,2.4,Remote,12
E11587,Barbara Young,Female,23,Customer Support,Entry,Bachelor's,2022-10-30,,Active,,42000.0,4,46,10.6,2.4,7.4,Hybrid,19
E11588,Kevin Allen,Male,32,IT,Associate,Master's,2021-06-28,,Active,,90400.0,3,3,6.8,4.0,18.8,Onsite,5
E11589,Donna Walker,Female,42,Sales,Senior,Bachelor's,2020-01-24,,Active,,108600.0,4,21,8.8,4.1,3.8,Onsite,18
E11590,Emily Lewis,Female,45,IT,Lead,Bachelor's,2024-02-01,,Active,,128700.0,2,17,16.9,3.3,5.8,Remote,33
E11591,Daniel Nguyen,Male,43,HR,Lead,Master's,2019-02-21,,Active,,120200.0,3,71,5.2,2.9,31.1,Remote,18
E11592,John Young,Male,42,Customer Support,Senior,Bachelor's,2021-02-21,2021-11-03,Terminated,Involuntary - Restructuring,77700.0,3,55,14.9,2.2,11.4,Onsite,0
E11593,Nicholas Hernandez,Male,40,Customer Support,Senior,Bachelor's,2021-07-07,2022-08-04,Terminated,Involuntary - Performance,74400.0,3,62,14.4,3.1,0.5,Hybrid,23
E11594,Larry Brown,Male,36,Sales,Associate,Bachelor's,2018-12-08,,Active,,87600.0,2,20,11.4,2.7,5.8,Onsite,28
E11595,Deborah Walker,Female,29,Customer Support,Senior,Bachelor's,2025-02-20,,Active,,74300.0,3,18,15.6,3.2,0.8,Remote,29
E11596,Larry Clark,Male,37,Finance,Lead,Bachelor's,2019-05-21,2022-12-21,Terminated,Voluntary - Better Opportunity,163300.0,2,11,5.2,4.6,19.4,Onsite,19
E11597,Paul Hill,Male,25,Finance,Lead,Bachelor's,2018-09-24,,Active,,161900.0,3,8,7.0,3.2,33.0,Hybrid,15
E11598,Jacob Walker,Male,30,Customer Support,Associate,Associate Degree,2023-06-07,2024-05-15,Terminated,Voluntary - Better Opportunity,53100.0,4,39,11.9,2.2,2.5,Hybrid,15
E11599,John Ramirez,Male,27,Sales,Lead,Bachelor's,2024-02-08,,Active,,125700.0,3,31,11.1,2.2,3.9,Hybrid,43
E11600,Betty Thomas,Female,24,Customer Support,Associate,Master's,2020-12-07,,Active,,57300.0,3,35,24.8,3.0,7.1,Hybrid,27
E11601,Paul Hill,Male,34,Sales,Associate,Associate Degree,2024-04-07,,Active,,81900.0,4,8,19.8,2.2,4.4,Onsite,28
E11602,David Moore,Male,40,Marketing,Senior,Bachelor's,2020-04-29,,Active,,115900.0,2,9,11.7,3.5,2.9,Onsite,18
E11603,Donna Scott,Female,34,Marketing,Associate,Bachelor's,2022-11-21,,Active,,79000.0,2,45,9.8,2.6,3.0,Hybrid,20
E11604,Rebecca Young,Female,24,Engineering,Entry,Bachelor's,2023-01-27,,Active,,85800.0,4,25,7.1,2.0,16.5,Remote,35
E11605,Nancy Hernandez,Female,33,Engineering,Manager,Master's,2025-02-07,,Active,,196700.0,4,5,4.8,2.8,7.0,Hybrid,12
E11606,Cynthia Moore,Female,32,HR,Senior,Bachelor's,2025-05-09,,Active,,90800.0,2,11,10.5,2.4,21.3,Hybrid,20
E11607,Steven Wright,Male,31,Customer Support,Associate,Bachelor's,2024-01-16,,Active,,55500.0,2,31,22.7,2.8,8.3,Hybrid,22
E11608,Ryan Gonzalez,Male,31,Engineering,Lead,Master's,2025-05-10,,Active,,172900.0,3,15,13.5,3.4,18.6,Remote,30
E11609,Sharon Hernandez,Female,38,Operations,Lead,Associate Degree,2020-11-22,,Active,,99900.0,2,18,5.2,2.8,19.8,Hybrid,27
E11610,Michelle Perez,Female,41,IT,Lead,Bachelor's,2025-01-05,2025-10-10,Terminated,Voluntary - Better Opportunity,134000.0,2,1,12.4,3.1,15.8,Remote,11
E11611,Donna Anderson,Female,38,Operations,Associate,Bachelor's,2018-12-06,2022-10-23,Terminated,Involuntary - Performance,68900.0,3,84,17.8,1.7,16.1,Remote,44
E11612,Betty Perez,Female,25,Operations,Entry,High School,2023-05-26,,Active,,47300.0,2,39,13.9,2.4,1.6,Remote,32
E11613,Edward Brown,Male,29,Operations,Manager,Associate Degree,2019-08-13,,Active,,128300.0,3,36,10.7,3.2,14.1,Onsite,21
E11614,Nancy Martinez,Female,32,Customer Support,Entry,Bachelor's,2024-06-04,,Active,,40400.0,3,27,29.4,2.7,1.8,Hybrid,10
E11615,Robert Young,Male,22,Operations,Associate,Associate Degree,2024-06-23,,Active,,65700.0,3,5,11.9,3.3,8.5,Onsite,26
E11616,Deborah Clark,Female,30,Marketing,Senior,Master's,2026-06-17,,Active,,97600.0,3,1,2.4,5.0,9.0,Hybrid,8
E11617,Eric Hernandez,Male,42,Finance,Manager,Bachelor's,2025-08-15,,Active,,175000.0,2,0,1.9,3.6,6.0,Remote,34
E11618,Linda Taylor,Female,40,Finance,Lead,Associate Degree,2023-03-29,,Active,,149300.0,3,11,2.5,3.0,1.5,Remote,4
E11619,Michelle Martinez,Female,45,IT,Senior,Bachelor's,2019-04-17,,Active,,121300.0,3,2,13.4,4.5,20.9,Hybrid,14
E11620,Robert Perez,Male,46,Customer Support,Lead,Bachelor's,2020-07-29,,Active,,91500.0,2,16,15.0,3.5,17.2,Remote,19
E11621,Jessica Lewis,Female,23,Sales,Entry,Master's,2024-07-23,2024-10-02,Terminated,Involuntary - Performance,60200.0,3,0,13.5,2.4,6.3,Hybrid,13
E11622,David Jones,Male,34,IT,Lead,Master's,2022-01-04,,Active,,145500.0,4,1,6.8,3.9,7.4,Remote,33
E11623,Carol King,Female,36,Engineering,Senior,Master's,2021-12-06,,Active,,134600.0,4,23,14.8,2.5,0.5,Hybrid,13
E11624,Jacob Robinson,Male,28,Engineering,Entry,Master's,2024-09-11,2025-06-04,Terminated,Involuntary - Performance,88100.0,3,10,10.5,3.8,12.7,Onsite,18
E11625,Thomas White,Male,42,HR,Lead,Bachelor's,2021-09-07,,Active,,121500.0,3,18,7.0,3.6,0.5,Hybrid,7
E11626,Robert Clark,Male,39,Sales,Senior,Bachelor's,2020-01-06,,Active,,121000.0,3,3,12.3,3.5,17.7,Onsite,26
E11627,James Perez,Male,44,Sales,Associate,Associate Degree,2021-05-10,2022-04-15,Terminated,Voluntary - Better Opportunity,89100.0,2,34,16.8,2.3,5.2,Hybrid,22
E11628,Amanda Martin,Female,47,Operations,Senior,Bachelor's,2021-11-09,,Active,,84900.0,4,4,3.6,3.3,3.0,Hybrid,24
E11629,Paul King,Male,49,HR,Manager,Bachelor's,2020-08-31,,Active,,154600.0,3,21,4.6,4.2,9.4,Onsite,6
E11630,Sharon Sanchez,Female,42,IT,Associate,Bachelor's,2023-08-17,2023-10-21,Terminated,Involuntary - Performance,85600.0,4,23,12.8,2.8,7.9,Hybrid,5
E11631,Daniel Young,Male,35,Marketing,Associate,Bachelor's,2019-03-10,,Active,,84500.0,2,11,14.4,3.2,21.1,Remote,33
E11632,Paul Robinson,Male,24,Sales,Associate,High School,2023-09-22,,Active,,82600.0,3,24,14.5,2.7,8.5,Hybrid,2
E11633,Michelle Martin,Female,33,IT,Senior,Bachelor's,2022-01-02,,Active,,112000.0,3,4,0.0,3.9,6.0,Hybrid,20
E11634,Jennifer Wright,Female,39,Finance,Associate,Bachelor's,2020-11-25,,Active,,95500.0,4,19,14.9,2.5,10.6,Hybrid,12
E11635,Jessica Robinson,Female,45,Engineering,Manager,Associate Degree,2024-07-20,,Active,,188000.0,4,25,15.9,2.7,2.0,Onsite,21
E11636,Melissa Young,Female,52,Customer Support,Manager,Bachelor's,2023-07-18,,Active,,110000.0,3,34,12.5,2.5,14.8,Hybrid,30
E11637,Barbara King,Female,30,Customer Support,Entry,Bachelor's,2025-05-28,,Active,,39600.0,4,13,8.8,3.3,3.6,Hybrid,7
E11638,Sandra Smith,Female,29,Sales,Entry,Bachelor's,2025-04-01,,Active,,59800.0,3,17,15.1,2.7,19.8,Hybrid,14
E11639,Sarah Davis,Female,33,Marketing,Senior,Master's,2025-01-20,,Active,,93500.0,4,19,1.4,3.5,10.5,Onsite,6
E11640,Amy Miller,Female,39,Customer Support,Lead,Bachelor's,2022-12-21,2025-05-30,Terminated,Involuntary - Performance,83500.0,4,23,11.8,2.1,4.4,Hybrid,28
E11641,Joseph Lopez,Male,22,Engineering,Entry,Bachelor's,2024-11-10,,Active,,81600.0,3,21,12.8,4.1,0.5,Hybrid,28
E11642,Linda Martin,Female,39,Engineering,Associate,Bachelor's,2021-02-18,,Active,,118200.0,2,10,3.5,3.4,16.8,Hybrid,29
E11643,Eric Hill,Male,23,Marketing,Associate,Bachelor's,2022-07-15,,Active,,82600.0,2,0,9.1,3.8,3.3,Onsite,2
E11644,Edward Rodriguez,Male,24,Engineering,Entry,Associate Degree,2024-03-20,2025-03-23,Terminated,Voluntary - Personal,87100.0,2,6,5.0,3.1,10.0,Hybrid,10
E11645,Barbara Moore,Female,34,Operations,Senior,Bachelor's,2021-04-09,2022-06-13,Terminated,Voluntary - Better Opportunity,84500.0,2,10,7.0,3.8,0.8,Hybrid,22
E11646,Ronald Smith,Male,51,HR,Manager,Bachelor's,2018-11-07,,Active,,151500.0,2,4,11.9,1.9,21.0,Remote,39
E11647,Carol Harris,Female,30,Operations,Senior,Bachelor's,2023-03-26,,Active,,80600.0,2,5,14.2,2.4,23.2,Onsite,5
E11648,Kimberly Torres,Female,38,IT,Lead,Master's,2019-03-25,,Active,,138800.0,5,13,10.6,2.8,9.4,Hybrid,16
E11649,Barbara Garcia,Female,21,Marketing,Associate,Bachelor's,2019-03-15,,Active,,77600.0,4,19,1.8,3.7,0.8,Hybrid,15
E11650,Sandra Moore,Female,55,Operations,Manager,Master's,2020-11-27,,Active,,119300.0,3,16,11.6,3.6,26.5,Remote,12
E11651,Kimberly Johnson,Female,25,IT,Associate,Bachelor's,2025-12-07,,Active,,85700.0,2,8,5.5,3.8,12.8,Onsite,25
E11652,Margaret Gonzalez,Female,34,IT,Associate,Bachelor's,2024-10-21,,Active,,83300.0,3,19,7.9,3.0,4.0,Onsite,7
E11653,Thomas Lopez,Male,26,Customer Support,Entry,Bachelor's,2024-06-04,,Active,,41600.0,4,27,16.4,3.2,14.4,Onsite,24
E11654,Sandra White,Female,28,Operations,Entry,Master's,2018-09-01,,Active,,52200.0,3,3,15.7,3.1,32.3,Hybrid,15
E11655,John Thomas,Male,27,HR,Senior,Associate Degree,2022-05-27,2025-07-10,Terminated,Voluntary - Better Opportunity,98200.0,1,5,0.3,3.8,4.0,Hybrid,17
E11656,Susan Robinson,Female,38,Engineering,Associate,Master's,2025-09-08,,Active,,107400.0,3,0,5.8,3.6,13.0,Hybrid,18
E11657,Mark Martinez,Male,43,Customer Support,Associate,Bachelor's,2021-12-03,,Active,,56300.0,4,24,18.3,3.9,13.1,Hybrid,22
E11658,Larry Jackson,Male,41,Engineering,Manager,Bachelor's,2021-05-09,2023-04-08,Terminated,Involuntary - Restructuring,227600.0,3,20,5.2,3.1,19.6,Hybrid,10
E11659,Thomas Lee,Male,26,HR,Entry,High School,2018-12-29,,Active,,57600.0,5,10,9.1,3.8,3.8,Hybrid,33
E11660,Karen Harris,Female,27,Operations,Entry,Associate Degree,2018-09-05,2021-01-26,Terminated,Involuntary - Performance,49000.0,2,0,13.2,3.2,8.9,Onsite,25
E11661,Cynthia Lopez,Female,40,Sales,Senior,Bachelor's,2022-02-18,,Active,,108600.0,3,8,3.3,3.0,7.0,Onsite,27
E11662,Mark Thomas,Male,44,Sales,Senior,Bachelor's,2020-10-22,,Active,,117700.0,3,71,17.1,2.9,1.8,Onsite,39
E11663,Linda Flores,Female,30,IT,Associate,Bachelor's,2023-01-28,,Active,,92100.0,2,29,17.5,3.1,2.3,Onsite,6
E11664,Laura Johnson,Female,29,Sales,Entry,Master's,2025-07-09,,Active,,61200.0,3,4,16.7,3.7,3.8,Hybrid,21
E11665,Lisa Allen,Female,43,Engineering,Lead,Bachelor's,2021-12-04,,Active,,185000.0,4,15,2.8,3.2,2.0,Onsite,18
E11666,Jennifer Young,Female,37,Customer Support,Lead,Bachelor's,2020-02-21,,Active,,87600.0,3,26,20.9,2.8,1.1,Hybrid,27
E11667,Sarah Davis,Female,34,HR,Senior,PhD,2020-01-18,,Active,,99900.0,2,74,13.3,3.4,22.8,Remote,38
E11668,Melissa Thomas,Female,38,Finance,Manager,High School,2024-01-02,,Active,,173900.0,2,4,9.0,3.3,8.1,Hybrid,15
E11669,Melissa Scott,Female,43,Engineering,Director,Associate Degree,2021-09-19,,Active,,260000.0,2,28,15.7,3.0,13.3,Hybrid,23
E11670,Ronald Lee,Male,47,Sales,Lead,Master's,2018-11-01,,Active,,144800.0,3,17,8.4,1.7,0.7,Hybrid,16
E11671,Lisa Jones,Female,39,Finance,Associate,Master's,2018-12-28,,Active,,96400.0,2,17,0.0,3.9,20.7,Hybrid,30
E11672,Joseph Robinson,Male,34,Customer Support,Associate,Master's,2025-10-16,2026-06-04,Terminated,Voluntary - Better Opportunity,52300.0,4,3,20.0,2.5,6.7,Hybrid,14
E11673,Linda Hill,Female,40,Operations,Lead,Master's,2025-09-30,2026-01-07,Terminated,Voluntary - Better Opportunity,93100.0,4,11,13.4,1.9,0.5,Onsite,17
E11674,Amanda Wright,Female,35,IT,Entry,Associate Degree,2024-09-28,,Active,,60600.0,4,23,8.1,2.6,4.8,Hybrid,18
E11675,Carol Miller,Female,31,Operations,Associate,Associate Degree,2019-08-12,,Active,,68200.0,3,8,12.1,2.2,2.9,Hybrid,14
E11676,Michelle Lewis,Female,37,Customer Support,Senior,Bachelor's,2024-06-27,,Active,,72400.0,2,26,15.6,2.7,7.7,Hybrid,25
E11677,Jacob Hill,Male,34,Engineering,Associate,Master's,2024-03-21,,Active,,113300.0,2,29,2.8,3.5,2.7,Remote,30
E11678,Laura Young,Female,38,Finance,Senior,Master's,2018-08-29,,Active,,128400.0,1,68,13.8,2.0,41.5,Hybrid,25
E11679,Kevin Perez,Male,26,Customer Support,Entry,Associate Degree,2025-02-22,2026-01-30,Terminated,Voluntary - Personal,41700.0,2,7,20.5,2.7,9.5,Remote,18
E11680,Brian Moore,Male,33,Operations,Associate,Bachelor's,2019-07-05,2022-05-21,Terminated,Voluntary - Personal,70500.0,2,1,10.4,2.3,9.2,Hybrid,32
E11681,Betty Lee,Female,39,Marketing,Senior,Associate Degree,2021-09-25,,Active,,100000.0,3,55,10.0,3.3,21.9,Hybrid,29
E11682,Jessica Taylor,Female,39,Sales,Associate,Master's,2022-06-13,,Active,,83100.0,3,32,11.5,2.0,0.5,Onsite,19
E11683,Jonathan Martin,Male,40,Engineering,Entry,Bachelor's,2024-08-20,,Active,,84200.0,3,8,12.2,3.2,7.6,Onsite,12
E11684,Melissa Allen,Female,23,Sales,Entry,Master's,2024-09-24,,Active,,58200.0,1,23,14.2,2.7,22.6,Hybrid,26
E11685,Emily Rodriguez,Female,30,Engineering,Associate,Bachelor's,2024-10-12,,Active,,105600.0,2,6,15.8,2.8,6.3,Onsite,24
E11686,Ryan Smith,Male,40,Marketing,Senior,Bachelor's,2021-12-10,,Active,,105200.0,3,24,4.6,3.0,3.4,Remote,17
E11687,Eric Robinson,Male,40,Customer Support,Lead,Master's,2026-04-15,,Active,,84400.0,2,4,16.2,2.9,3.5,Remote,25
E11688,Steven Wright,Male,31,Marketing,Associate,Associate Degree,2021-02-27,,Active,,89300.0,2,20,4.5,3.9,14.9,Onsite,18
E11689,David Lee,Male,26,Engineering,Entry,Bachelor's,2024-11-24,,Active,,86700.0,3,21,5.1,3.2,8.4,Remote,37
E11690,Ryan Wilson,Male,28,HR,Senior,Bachelor's,2025-05-28,2025-08-09,Terminated,Involuntary - Performance,95600.0,3,15,2.3,3.6,5.5,Remote,21
E11691,Christopher Jones,Male,34,Sales,Senior,Bachelor's,2021-02-19,,Active,,117000.0,2,6,15.6,2.9,3.5,Remote,20
E11692,Thomas Harris,Male,27,Customer Support,Entry,Bachelor's,2022-05-17,,Active,,45600.0,2,26,11.8,2.8,21.1,Hybrid,29
E11693,Jennifer Jackson,Female,43,Customer Support,Associate,Bachelor's,2020-05-05,,Active,,56200.0,2,7,15.0,3.4,14.9,Remote,26
E11694,James Davis,Male,31,Engineering,Entry,Bachelor's,2023-01-27,,Active,,89000.0,2,5,9.5,3.4,4.1,Onsite,7
E11695,Lisa Clark,Female,45,Finance,Associate,High School,2025-07-08,,Active,,90400.0,3,10,6.7,3.5,8.5,Onsite,21
E11696,Jonathan King,Male,24,Sales,Associate,Associate Degree,2023-06-04,,Active,,84000.0,3,0,10.6,3.1,2.7,Hybrid,46
E11697,Jeffrey Taylor,Male,22,IT,Entry,Associate Degree,2023-04-15,,Active,,69700.0,2,3,0.6,3.2,21.6,Remote,9
E11698,Melissa Taylor,Female,37,Sales,Entry,Bachelor's,2023-07-21,,Active,,60800.0,3,0,8.2,3.6,2.5,Remote,24
E11699,Lisa Hill,Female,36,Customer Support,Associate,Master's,2022-06-04,,Active,,54600.0,3,16,17.0,3.2,11.1,Onsite,20
E11700,Ryan Lee,Male,28,Customer Support,Entry,Bachelor's,2021-05-08,2024-11-06,Terminated,Voluntary - Personal,43400.0,3,18,27.3,2.1,3.2,Onsite,16
E11701,Daniel Anderson,Male,39,Sales,Lead,Bachelor's,2021-11-25,,Active,,132700.0,1,14,11.5,2.4,6.0,Onsite,15
E11702,Barbara King,Female,25,Finance,Associate,Master's,2020-06-16,,Active,,98200.0,2,3,5.1,2.9,7.4,Hybrid,15
E11703,Gary Williams,Male,31,Sales,Lead,PhD,2025-02-12,,Active,,127300.0,2,10,13.5,3.5,1.0,Remote,16
E11704,Elizabeth Perez,Female,33,Engineering,Entry,Bachelor's,2024-09-30,,Active,,82300.0,3,4,4.5,2.4,18.4,Remote,8
E11705,Sandra Johnson,Female,30,Sales,Entry,Bachelor's,2024-03-11,,Active,,60300.0,2,29,10.5,3.0,1.4,Hybrid,5
E11706,Cynthia Thompson,Female,28,IT,Associate,Bachelor's,2021-12-25,,Active,,89100.0,2,6,10.3,3.2,0.5,Remote,25
E11707,Carol Walker,Female,26,IT,Entry,Bachelor's,2022-04-06,,Active,,63200.0,3,8,8.0,3.4,11.6,Onsite,10
E11708,Edward Lee,Male,31,Sales,Entry,Master's,2019-01-24,,Active,,67500.0,3,22,15.1,2.7,4.9,Hybrid,26
E11709,Deborah Martinez,Female,22,Engineering,Associate,Bachelor's,2023-11-06,,Active,,108300.0,3,5,6.7,4.0,0.5,Onsite,51
E11710,Michelle Taylor,Female,39,Sales,Entry,Bachelor's,2019-07-29,,Active,,64500.0,2,3,10.8,3.6,1.2,Hybrid,34
E11711,Steven Martinez,Male,41,Sales,Associate,Bachelor's,2021-09-15,,Active,,86900.0,3,21,22.6,2.2,9.8,Onsite,24
E11712,Nicholas Jackson,Male,28,Marketing,Senior,Bachelor's,2025-08-07,,Active,,100000.0,3,2,8.5,3.1,26.4,Onsite,17
E11713,Christopher Young,Male,31,Marketing,Senior,Bachelor's,2025-09-25,,Active,,103200.0,2,3,12.7,2.7,15.8,Onsite,11
E11714,Stephanie Miller,Female,50,Operations,Manager,Associate Degree,2020-09-17,,Active,,125400.0,2,42,16.8,2.4,28.9,Onsite,4
E11715,David Moore,Male,53,HR,Manager,High School,2025-04-02,,Active,,139300.0,4,17,0.6,3.4,3.2,Onsite,19
E11716,Brian Lopez,Male,34,IT,Associate,High School,2022-09-05,,Active,,90800.0,2,23,10.8,2.5,6.2,Onsite,24
E11717,Jonathan Garcia,Male,49,Sales,Associate,Master's,2019-02-04,,Active,,94400.0,3,24,18.5,2.4,4.9,Onsite,26
E11718,Ryan Allen,Male,26,Customer Support,Associate,High School,2026-01-13,,Active,,53600.0,2,7,9.6,3.9,3.5,Hybrid,8
E11719,Laura Martin,Female,31,IT,Entry,Bachelor's,2021-11-14,,Active,,66600.0,4,19,1.3,4.0,8.4,Onsite,7
E11720,Cynthia Moore,Female,35,Sales,Lead,Bachelor's,2025-11-18,,Active,,123800.0,3,9,20.7,2.3,13.3,Hybrid,12
E11721,Nancy Rodriguez,Female,29,Engineering,Entry,Bachelor's,2019-02-09,,Active,,91100.0,2,25,11.6,1.8,9.5,Onsite,19
E11722,Patricia Gonzalez,Female,30,Marketing,Associate,Bachelor's,2019-07-02,,Active,,80700.0,3,1,10.1,3.0,47.5,Remote,14
E11723,Mark Smith,Male,33,Customer Support,Manager,Bachelor's,2023-09-26,,Active,,103900.0,2,6,14.3,2.6,3.6,Hybrid,24
E11724,Richard Martinez,Male,39,Operations,Lead,Bachelor's,2022-05-20,,Active,,110900.0,2,51,9.0,2.8,1.8,Hybrid,17
E11725,Kevin Garcia,Male,34,Sales,Senior,Bachelor's,2022-06-21,2026-02-08,Terminated,Voluntary - Better Opportunity,115800.0,2,36,21.1,2.0,29.4,Remote,14
E11726,Jacob Lopez,Male,22,Customer Support,Entry,Bachelor's,2022-04-26,,Active,,42500.0,3,20,10.6,3.7,9.5,Hybrid,22
E11727,Nicholas Martinez,Male,27,Engineering,Entry,Master's,2020-11-14,,Active,,90900.0,3,12,5.9,3.0,5.6,Onsite,18
E11728,Lisa Smith,Female,30,Finance,Entry,Master's,2019-08-09,,Active,,72000.0,3,19,9.6,2.8,26.0,Hybrid,7
E11729,Mary Taylor,Female,35,Engineering,Associate,Bachelor's,2022-11-16,,Active,,110000.0,4,0,1.8,3.0,19.7,Hybrid,11
E11730,Mark Brown,Male,42,Sales,Manager,Bachelor's,2026-05-04,2026-06-19,Terminated,Involuntary - Performance,153000.0,2,3,2.6,3.2,14.9,Remote,7
E11731,Lisa Sanchez,Female,38,Sales,Lead,Associate Degree,2020-03-24,,Active,,132300.0,3,3,23.6,3.0,9.2,Onsite,41
E11732,Stephen Taylor,Male,36,Customer Support,Entry,Associate Degree,2022-11-09,,Active,,42000.0,3,4,15.3,2.7,1.0,Hybrid,28
E11733,Anthony Hernandez,Male,32,Customer Support,Senior,Bachelor's,2019-10-27,2022-03-07,Terminated,Involuntary - Performance,77600.0,2,2,27.9,2.5,23.4,Hybrid,16
E11734,Amanda Lee,Female,34,Finance,Senior,Bachelor's,2019-12-16,,Active,,130800.0,1,8,0.0,2.7,7.5,Onsite,17
E11735,Eric Taylor,Male,49,Sales,Manager,Bachelor's,2019-06-13,,Active,,172400.0,2,1,14.5,2.9,10.1,Onsite,25
E11736,Donna Martinez,Female,30,Engineering,Senior,Master's,2023-08-07,,Active,,146100.0,4,15,0.2,3.5,2.1,Onsite,3
E11737,Ashley Rodriguez,Female,36,Engineering,Manager,High School,2026-06-14,,Active,,200300.0,2,2,6.1,3.3,0.5,Onsite,13
E11738,Stephanie Ramirez,Female,49,Finance,Director,Master's,2023-02-03,,Active,,249500.0,5,43,1.7,3.9,25.2,Remote,24
E11739,Daniel Gonzalez,Male,32,Marketing,Entry,PhD,2025-03-22,,Active,,59300.0,2,10,0.0,3.6,1.2,Remote,35
E11740,Deborah Hill,Female,41,Engineering,Lead,Bachelor's,2023-04-20,,Active,,164400.0,4,8,7.5,3.2,1.3,Remote,18
E11741,Steven Thomas,Male,31,Engineering,Entry,Master's,2019-12-23,,Active,,93900.0,3,25,12.1,2.2,4.8,Hybrid,2
E11742,Sharon King,Female,44,Sales,Senior,Bachelor's,2023-04-15,2024-05-12,Terminated,Involuntary - Performance,107000.0,3,9,16.0,3.6,2.3,Hybrid,35
E11743,James Thompson,Male,35,Operations,Associate,Associate Degree,2021-03-15,2021-06-27,Terminated,Voluntary - Personal,66600.0,4,1,14.3,2.9,2.6,Onsite,12
E11744,Joseph Thompson,Male,29,Engineering,Associate,Bachelor's,2023-03-03,,Active,,118100.0,5,24,13.7,3.6,0.5,Remote,10
E11745,Robert Perez,Male,37,Engineering,Senior,Bachelor's,2025-04-15,,Active,,144600.0,2,2,0.0,3.0,4.2,Hybrid,30
E11746,Jeffrey Moore,Male,30,Customer Support,Associate,Master's,2025-06-26,,Active,,53400.0,3,14,16.7,3.0,2.3,Remote,8
E11747,Lisa Clark,Female,30,HR,Associate,Bachelor's,2020-03-30,,Active,,75800.0,3,13,0.0,3.1,3.2,Onsite,9
E11748,Richard Lee,Male,30,Operations,Senior,High School,2021-02-14,,Active,,85900.0,5,1,14.8,3.6,1.8,Hybrid,31
E11749,Brian Allen,Male,38,Marketing,Lead,Master's,2023-11-13,,Active,,125400.0,3,15,5.9,2.9,2.5,Hybrid,28
E11750,Elizabeth Clark,Female,32,IT,Entry,Master's,2024-02-09,,Active,,63500.0,5,1,5.7,3.8,18.4,Hybrid,36
E11751,Sarah Walker,Female,48,Customer Support,Senior,Associate Degree,2023-01-26,2025-08-21,Terminated,Involuntary - Performance,68700.0,3,43,18.1,1.6,6.3,Onsite,34
E11752,Daniel Martinez,Male,24,Sales,Entry,Bachelor's,2018-11-25,,Active,,67700.0,2,1,12.9,3.1,2.2,Onsite,31
E11753,Daniel Martinez,Male,43,Finance,Manager,Master's,2024-04-08,,Active,,180300.0,4,10,8.0,3.6,29.4,Onsite,28
E11754,Michael Smith,Male,39,HR,Entry,High School,2020-01-03,2022-08-25,Terminated,Involuntary - Restructuring,58000.0,4,16,3.8,3.7,4.9,Hybrid,29
E11755,Sandra Lewis,Female,34,Engineering,Senior,Bachelor's,2021-12-21,,Active,,140700.0,3,0,21.8,3.7,13.0,Remote,22
E11756,Larry Clark,Male,44,Engineering,Manager,Associate Degree,2019-06-14,,Active,,230000.0,1,10,6.7,1.8,1.0,Hybrid,21
E11757,Richard Sanchez,Male,28,Sales,Associate,Bachelor's,2019-07-17,,Active,,93000.0,2,28,11.9,2.8,2.7,Hybrid,24
E11758,Jonathan Hill,Male,28,Marketing,Entry,Bachelor's,2024-03-08,2024-08-31,Terminated,Voluntary - Better Opportunity,60400.0,3,30,12.3,2.6,5.5,Hybrid,17
E11759,Nicholas Clark,Male,38,IT,Senior,Associate Degree,2025-11-25,2026-05-21,Terminated,Involuntary - Performance,112100.0,2,8,8.7,3.6,3.1,Onsite,0
E11760,Linda Moore,Female,35,Engineering,Associate,High School,2021-09-02,,Active,,110000.0,1,17,8.0,3.6,4.6,Hybrid,14
E11761,Brian Sanchez,Male,39,Sales,Lead,Bachelor's,2025-05-18,,Active,,132400.0,3,0,18.8,3.4,3.0,Onsite,31
E11762,Rebecca Allen,Female,33,HR,Entry,Master's,2018-09-05,,Active,,56000.0,3,4,15.8,2.3,14.9,Hybrid,21
E11763,Sandra Jones,Female,32,Engineering,Entry,Bachelor's,2019-11-25,,Active,,82300.0,5,0,0.0,3.5,0.6,Hybrid,0
E11764,Linda Wilson,Female,50,Customer Support,Senior,Bachelor's,2019-12-15,,Active,,74800.0,3,21,13.5,4.1,4.8,Remote,15
E11765,Gary Lopez,Male,37,IT,Lead,Master's,2019-07-21,,Active,,142500.0,2,12,0.0,4.1,6.2,Hybrid,21
E11766,Sharon Wilson,Female,34,Marketing,Senior,Bachelor's,2020-11-26,,Active,,99600.0,1,9,14.2,3.1,0.5,Hybrid,16
E11767,Daniel Johnson,Male,31,Engineering,Senior,PhD,2025-05-21,,Active,,144800.0,3,6,10.1,2.9,0.5,Hybrid,30
E11768,Carol Allen,Female,46,Sales,Lead,Bachelor's,2019-01-19,,Active,,131500.0,2,15,10.5,2.8,2.4,Hybrid,11
E11769,Ryan Perez,Male,27,Finance,Entry,Associate Degree,2023-02-05,,Active,,72000.0,2,8,8.6,3.4,4.2,Hybrid,17
E11770,Laura Anderson,Female,38,Engineering,Senior,Bachelor's,2019-06-29,,Active,,149000.0,4,35,7.0,2.8,19.3,Hybrid,7
E11771,Donna White,Female,32,Engineering,Senior,Bachelor's,2025-11-14,,Active,,134400.0,3,4,9.2,4.5,17.6,Remote,28
E11772,Robert Lewis,Male,28,Sales,Associate,Bachelor's,2019-08-14,,Active,,89700.0,2,35,7.4,3.5,14.4,Remote,8
E11773,Paul Scott,Male,26,Sales,Entry,Master's,2026-03-22,,Active,,60000.0,2,5,12.9,2.4,17.1,Onsite,25
E11774,Melissa Sanchez,Female,41,Operations,Lead,Master's,2019-12-11,,Active,,99000.0,3,32,15.8,2.6,0.5,Hybrid,19
E11775,Kimberly Miller,Female,40,Customer Support,Manager,PhD,2024-01-27,2025-07-03,Terminated,Involuntary - Restructuring,98400.0,3,27,14.6,3.1,8.3,Onsite,22
E11776,Mark Young,Male,40,IT,Lead,Bachelor's,2021-06-26,,Active,,143500.0,3,28,15.3,2.6,6.7,Remote,26
E11777,Steven Taylor,Male,32,Operations,Senior,PhD,2020-03-08,,Active,,87100.0,2,13,19.8,1.4,0.5,Onsite,29
E11778,Carol Flores,Female,37,Finance,Lead,Bachelor's,2019-08-30,,Active,,147900.0,3,1,13.2,3.5,12.1,Remote,9
E11779,Linda Anderson,Female,37,Engineering,Senior,Bachelor's,2020-05-16,,Active,,146200.0,3,12,7.3,3.0,8.4,Hybrid,17
E11780,Jennifer Robinson,Female,39,Engineering,Lead,Associate Degree,2022-12-02,,Active,,168100.0,2,5,7.8,3.9,3.5,Hybrid,3
E11781,Jeffrey Harris,Male,31,HR,Entry,Master's,2022-11-26,,Active,,53300.0,2,1,11.4,2.6,11.4,Onsite,7
E11782,Jeffrey Ramirez,Male,33,Operations,Senior,Master's,2025-09-14,,Active,,83500.0,3,11,16.6,3.3,4.0,Onsite,16
E11783,Jessica White,Female,21,IT,Associate,Bachelor's,2025-11-04,,Active,,81500.0,4,9,13.8,4.0,8.2,Hybrid,9
E11784,John Hill,Male,36,Engineering,Senior,Master's,2024-12-26,,Active,,146200.0,2,19,8.1,3.4,13.2,Onsite,25
E11785,Larry Wright,Male,31,Sales,Senior,Associate Degree,2019-11-17,2025-02-03,Terminated,Voluntary - Better Opportunity,120900.0,2,7,12.1,3.4,2.7,Hybrid,13
E11786,Elizabeth Martinez,Female,36,Sales,Associate,Associate Degree,2020-02-22,2025-04-09,Terminated,Voluntary - Better Opportunity,87800.0,2,10,8.7,3.1,6.5,Hybrid,12
E11787,Deborah King,Female,37,Sales,Associate,Bachelor's,2021-05-05,,Active,,83300.0,2,22,9.0,3.0,4.1,Hybrid,20
E11788,Mark Flores,Male,31,Operations,Senior,Bachelor's,2025-10-17,,Active,,86300.0,2,2,10.4,3.0,3.8,Hybrid,6
E11789,Amy Perez,Female,33,Engineering,Associate,Master's,2020-10-31,,Active,,120600.0,2,70,5.7,2.3,19.4,Hybrid,22
E11790,Nicholas Sanchez,Male,25,Marketing,Senior,Bachelor's,2025-02-07,,Active,,99200.0,2,4,9.7,3.6,9.3,Hybrid,21
E11791,Linda Smith,Female,36,Engineering,Senior,Bachelor's,2025-11-07,,Active,,128600.0,4,9,3.3,2.9,14.8,Hybrid,12
E11792,Carol Wright,Female,43,Operations,Manager,Bachelor's,2020-04-20,,Active,,127200.0,3,21,13.6,2.8,23.9,Remote,30
E11793,Emily Perez,Female,27,Engineering,Associate,Bachelor's,2021-05-16,,Active,,112800.0,1,29,9.1,2.6,17.8,Onsite,21
E11794,Richard Harris,Male,37,Operations,Manager,PhD,2023-06-18,,Active,,124700.0,2,21,7.6,2.6,9.0,Remote,27
E11795,Melissa Garcia,Female,49,HR,Director,Bachelor's,2026-01-07,2026-04-04,Terminated,Involuntary - Performance,172000.0,3,7,8.6,3.2,1.2,Onsite,27
E11796,Jennifer Martin,Female,30,Finance,Associate,Bachelor's,2023-02-14,,Active,,90100.0,2,5,2.3,3.9,5.1,Hybrid,8
E11797,Margaret Martinez,Female,27,Customer Support,Senior,Bachelor's,2022-10-13,2023-09-08,Terminated,Voluntary - Personal,68600.0,3,20,20.4,1.8,12.3,Hybrid,26
E11798,Susan Walker,Female,37,Operations,Associate,Associate Degree,2018-09-21,,Active,,67900.0,3,9,3.2,3.7,0.5,Hybrid,30
E11799,Thomas Smith,Male,37,Sales,Lead,High School,2020-11-11,2021-07-02,Terminated,Involuntary - Performance,136000.0,2,5,16.3,3.2,2.5,Hybrid,5
E11800,Christopher Torres,Male,40,Customer Support,Senior,High School,2023-06-24,,Active,,74000.0,3,19,12.9,2.1,7.0,Remote,32
